ID,Class,category,x1,x2
PTC2763,9,Polyesters,13.223464,22.735294
PTC1239,10,Polyamides,-0.9542537,0.27157423
PTC0657,9,Polyesters,7.4708443,13.139352
PTC0531,15,Polycarbonates,10.737925,7.1186624
PTC2768,9,Polyesters,11.232488,7.8830633
PTC3049,10,Polyamides,23.437044,0.34090713
PTC0100,9,Polyesters,-5.6393037,0.9250704
PTC2838,9,Polyesters,17.246225,4.8564706
PTC2124,7,Polyethers,-4.7732716,0.8797211
PTC0671,7,Polyethers,16.336052,2.3082557
PTC1898,4,Polyacrylics,3.4056537,12.633753
PTC0099,9,Polyesters,-5.63478,0.9236058
PTC0639,9,Polyesters,-0.35560587,24.536612
PTC4326,9,Polyesters,5.673848,-6.5046196
PTC3380,14,Polyanhydrides,4.591164,9.087007
PTC0425,7,Polyethers,5.886369,11.642256
PTC1592,14,Polyanhydrides,2.717047,21.192665
PTC2654,9,Polyesters,18.382437,8.545354
PTC4213,11,Polyurethanes,7.0768547,16.565023
PTC1837,4,Polyacrylics,6.322857,8.3387575
PTC4527,1,Polyolefins,5.262283,10.206567
PTC3047,10,Polyamides,23.554516,0.4454326
PTC2854,10,Polyamides,8.7008295,11.300257
PTC3410,15,Polycarbonates,8.076933,9.760299
PTC1933,5,Polyhalo-olefins,4.6928587,10.488595
PTC0485,10,Polyamides,7.4666195,27.082546
PTC3902,17,Polyketones,6.7253947,10.425956
PTC1638,15,Polycarbonates,10.487168,7.086537
PTC1330,10,Polyamides,-3.6152828,-4.733895
PTC0695,13,Polyimides,-2.8301387,7.6792655
PTC0925,9,Polyesters,2.4625418,-9.991519
PTC3422,15,Polycarbonates,-0.5573302,13.028555
PTC3763,4,Polyacrylics,14.226719,11.981506
PTC0026,3,Polyvinyls,5.088214,10.373748
PTC2989,10,Polyamides,-6.4995656,-2.1756387
PTC0977,9,Polyesters,-6.1274195,20.088476
PTC2745,9,Polyesters,7.927799,9.776792
PTC2809,9,Polyesters,8.869103,16.621153
PTC1323,10,Polyamides,6.1272664,13.478604
PTC1972,7,Polyethers,5.8041034,8.861756
PTC2822,9,Polyesters,8.966075,16.338987
PTC0241,2,Polystyrenes,7.0396256,9.510468
PTC3325,13,Polyimides,-2.5740502,1.9960749
PTC4004,9,Polyesters,6.846713,10.494378
PTC1247,10,Polyamides,6.1206145,13.073756
PTC0956,9,Polyesters,6.4927115,11.876035
PTC2027,7,Polyethers,6.0548925,9.08597
PTC3692,18,Polysulfones,5.404614,10.038127
PTC0513,14,Polyanhydrides,4.849354,5.6077003
PTC0416,7,Polyethers,6.7847347,9.838484
PTC4336,9,Polyesters,11.917878,16.601473
PTC0590,11,Polyurethanes,-4.8013544,11.382786
PTC0376,5,Polyhalo-olefins,4.604586,9.907524
PTC1342,10,Polyamides,23.415989,0.30944106
PTC2950,11,Polyurethanes,1.2894356,-7.054548
PTC1212,10,Polyamides,-5.8523846,-4.2744265
PTC4486,9,Polyesters,11.94199,12.138891
PTC1583,14,Polyanhydrides,2.6864026,21.223642
PTC1765,1,Polyolefins,5.6064534,8.77506
PTC1236,10,Polyamides,4.5735345,17.389063
PTC0805,9,Polyesters,5.7042055,20.667803
PTC0369,5,Polyhalo-olefins,7.006066,9.595113
PTC0944,9,Polyesters,9.609442,12.839204
PTC0510,14,Polyanhydrides,6.996875,10.668353
PTC0165,3,Polyvinyls,2.8727846,12.439699
PTC2724,9,Polyesters,11.17165,8.256546
PTC0710,8,Polysulfides,5.852391,9.657426
PTC4180,6,Polydienes,5.200409,8.330782
PTC2346,7,Polyethers,5.6069446,8.221499
PTC2190,9,Polyesters,3.7325492,20.73827
PTC0594,11,Polyurethanes,7.053569,16.57494
PTC0536,7,Polyethers,6.084491,9.069185
PTC3861,17,Polyketones,6.9240546,10.562341
PTC3434,15,Polycarbonates,9.37555,12.95172
PTC1695,17,Polyketones,13.509116,5.292089
PTC3210,13,Polyimides,-2.6053107,1.9356813
PTC3415,15,Polycarbonates,9.297695,12.682767
PTC2974,10,Polyamides,18.023304,4.030692
PTC0826,9,Polyesters,-0.73173237,12.927456
PTC2704,9,Polyesters,6.8965034,11.979049
PTC2421,8,Polysulfides,6.0300207,8.905484
PTC0090,5,Polyhalo-olefins,6.7554693,9.683672
PTC2907,10,Polyamides,4.022749,4.909833
PTC2188,9,Polyesters,3.732356,20.73864
PTC0315,4,Polyacrylics,2.419672,13.233903
PTC0127,7,Polyethers,5.447001,10.858381
PTC4470,16,Polyimines,0.62159157,9.1067915
PTC0917,9,Polyesters,-4.4623466,-0.9027461
PTC4439,9,Polyesters,18.274952,5.576118
PTC0724,8,Polysulfides,9.211066,17.571478
PTC1937,6,Polydienes,15.285317,2.1859245
PTC0629,9,Polyesters,0.9304042,-3.7547615
PTC1427,11,Polyurethanes,13.805587,16.142881
PTC2454,8,Polysulfides,9.760595,5.444158
PTC4218,12,Polyureas,7.061502,10.852642
PTC2861,10,Polyamides,15.939185,-2.6692832
PTC0736,11,Polyurethanes,-4.897623,4.33793
PTC3695,18,Polysulfones,5.866068,8.859109
PTC3319,13,Polyimides,-2.4854803,1.3831681
PTC1880,4,Polyacrylics,2.4079485,12.509335
PTC1423,11,Polyurethanes,6.4338646,16.031364
PTC0832,9,Polyesters,10.54005,13.731344
PTC1257,10,Polyamides,6.7314763,12.781811
PTC3726,19,Polyphenylenes,9.063122,4.657705
PTC0897,9,Polyesters,11.050449,15.79794
PTC0082,15,Polycarbonates,10.849373,7.3318815
PTC0494,10,Polyamides,22.769547,13.497958
PTC0746,11,Polyurethanes,19.033278,13.603256
PTC0006,4,Polyacrylics,3.3919158,12.518398
PTC2368,15,Polycarbonates,7.1788883,18.572214
PTC3776,5,Polyhalo-olefins,6.618523,9.504133
PTC1974,9,Polyesters,5.7043037,20.668377
PTC3204,13,Polyimides,0.2724549,3.6692812
PTC0908,9,Polyesters,-4.4436297,-0.9172563
PTC4075,10,Polyamides,6.073867,9.125276
PTC4327,9,Polyesters,5.680274,-6.517669
PTC0859,9,Polyesters,11.909158,11.482249
PTC3054,10,Polyamides,23.475727,0.3355062
PTC4397,10,Polyamides,5.94181,18.916517
PTC1169,10,Polyamides,7.70472,11.560644
PTC0203,1,Polyolefins,5.0388236,10.256886
PTC1600,15,Polycarbonates,9.372429,12.946052
PTC2508,8,Polysulfides,10.317354,4.735715
PTC1220,10,Polyamides,-2.793468,19.398867
PTC3222,12,Polyureas,-2.0860584,8.009721
PTC1219,10,Polyamides,13.179755,-1.3417429
PTC0056,10,Polyamides,23.397522,0.28951415
PTC0124,7,Polyethers,5.800028,11.682185
PTC0748,8,Polysulfides,5.833421,8.831708
PTC4188,4,Polyacrylics,2.675994,12.697149
PTC0946,9,Polyesters,13.100249,22.61856
PTC3469,16,Polyimines,6.1325283,9.412292
PTC1909,4,Polyacrylics,3.3380907,12.9200945
PTC4285,7,Polyethers,7.0803328,9.655342
PTC2844,9,Polyesters,18.43764,10.653541
PTC0192,8,Polysulfides,5.970368,9.556842
PTC2367,15,Polycarbonates,7.1887093,18.575045
PTC0021,4,Polyacrylics,2.0138223,12.842831
PTC2743,9,Polyesters,7.8839974,-8.557773
PTC2231,9,Polyesters,11.424483,7.7961287
PTC3046,10,Polyamides,23.457373,0.36057281
PTC1105,14,Polyanhydrides,10.730081,8.923352
PTC1119,10,Polyamides,4.760777,17.09474
PTC2215,15,Polycarbonates,9.3851,12.626735
PTC0819,9,Polyesters,11.72104,7.79038
PTC0647,9,Polyesters,-0.35567766,24.536467
PTC0427,7,Polyethers,5.2178316,10.500014
PTC0575,7,Polyethers,13.9119005,0.88951445
PTC4375,3,Polyvinyls,1.5737156,17.519117
PTC1081,9,Polyesters,11.716354,11.7542305
PTC4363,11,Polyurethanes,6.612511,16.081432
PTC1452,11,Polyurethanes,6.7514505,16.13174
PTC4381,9,Polyesters,11.927785,7.8498793
PTC2945,10,Polyamides,-6.5341015,-2.1356037
PTC0812,9,Polyesters,5.7067623,20.671328
PTC2815,9,Polyesters,6.219025,11.943551
PTC4003,13,Polyimides,6.7816215,10.377388
PTC2987,10,Polyamides,23.029404,0.9234715
PTC2841,9,Polyesters,11.467161,8.179124
PTC1017,9,Polyesters,12.311378,10.562478
PTC0632,9,Polyesters,-3.6060534,15.954655
PTC4231,7,Polyethers,7.0342097,9.56452
PTC0922,9,Polyesters,13.103445,22.62193
PTC4142,6,Polydienes,5.2025867,8.796316
PTC1525,13,Polyimides,-2.7195942,7.6082325
PTC1273,10,Polyamides,7.4668374,27.082376
PTC1563,13,Polyimides,0.15609528,4.037773
PTC2181,7,Polyethers,5.6053915,8.20487
PTC0072,4,Polyacrylics,2.697437,12.624758
PTC1395,11,Polyurethanes,14.656163,16.376347
PTC4146,10,Polyamides,23.492065,0.37424326
PTC1463,11,Polyurethanes,14.637908,16.352097
PTC4362,11,Polyurethanes,14.643949,16.361917
PTC4256,7,Polyethers,7.0344453,9.564199
PTC2194,17,Polyketones,6.1804414,5.981759
PTC4044,9,Polyesters,12.0055485,7.3009076
PTC2043,7,Polyethers,8.891437,14.079091
PTC0616,9,Polyesters,4.3467336,6.529643
PTC2711,9,Polyesters,5.672922,-6.5042634
PTC3914,16,Polyimines,7.311289,6.346313
PTC0553,17,Polyketones,7.720118,2.2437336
PTC1854,3,Polyvinyls,6.0538206,8.717209
PTC4334,9,Polyesters,13.349182,22.850004
PTC3453,15,Polycarbonates,6.206549,12.109261
PTC1174,10,Polyamides,23.54846,0.44522136
PTC0467,7,Polyethers,7.494905,4.7270374
PTC0166,3,Polyvinyls,2.9248083,12.431739
PTC1094,10,Polyamides,-3.208496,17.326118
PTC0682,17,Polyketones,7.8265038,2.3810256
PTC0582,7,Polyethers,5.977276,8.64624
PTC0769,8,Polysulfides,6.0042934,8.870819
PTC1445,11,Polyurethanes,6.7213697,16.103651
PTC1721,18,Polysulfones,5.145926,10.251668
PTC4224,12,Polyureas,15.796407,-2.5290384
PTC4388,9,Polyesters,11.638355,7.64502
PTC3724,19,Polyphenylenes,7.339659,7.4390893
PTC1300,10,Polyamides,7.2030478,10.934328
PTC1113,10,Polyamides,-9.353859,0.47174975
PTC4152,7,Polyethers,5.723493,8.901133
PTC1251,10,Polyamides,6.1238813,13.096175
PTC3411,15,Polycarbonates,9.312666,12.551789
PTC1776,2,Polystyrenes,6.402985,10.090157
PTC2126,7,Polyethers,-4.7733846,0.88051003
PTC0953,9,Polyesters,10.514602,7.4288797
PTC0497,10,Polyamides,22.769417,13.497688
PTC0914,9,Polyesters,18.383852,8.545952
PTC2730,9,Polyesters,17.730862,2.0357401
PTC2800,9,Polyesters,18.436632,10.653772
PTC2121,7,Polyethers,8.813046,10.046977
PTC1479,12,Polyureas,15.914234,-2.6414864
PTC2995,10,Polyamides,4.886862,8.788512
PTC1063,9,Polyesters,7.882605,11.022554
PTC1248,10,Polyamides,6.268973,13.327287
PTC1642,15,Polycarbonates,9.520113,13.236283
PTC0750,11,Polyurethanes,-6.768151,14.452263
PTC1054,9,Polyesters,3.9286327,6.667038
PTC2707,9,Polyesters,11.123486,8.181367
PTC0829,9,Polyesters,12.525144,10.335511
PTC0479,9,Polyesters,5.557703,5.0007777
PTC0029,9,Polyesters,-5.592936,0.90266144
PTC4475,16,Polyimines,0.5707708,9.052426
PTC1740,19,Polyphenylenes,3.8357382,10.050645
PTC4264,17,Polyketones,7.0217204,9.636245
PTC0954,9,Polyesters,13.609156,12.327018
PTC1858,5,Polyhalo-olefins,6.13748,9.1364765
PTC2723,9,Polyesters,-6.7459064,10.766429
PTC0108,9,Polyesters,10.9124,11.557303
PTC1333,10,Polyamides,22.878735,9.864706
PTC0919,9,Polyesters,10.871742,11.686442
PTC1953,6,Polydienes,6.016011,8.777366
PTC2740,9,Polyesters,15.57305,15.781748
PTC1416,11,Polyurethanes,12.7657995,-6.746353
PTC1414,11,Polyurethanes,7.0744333,16.650732
PTC1125,10,Polyamides,-2.6670792,19.280958
PTC1661,15,Polycarbonates,-0.56689936,13.020332
PTC2191,9,Polyesters,3.7327704,20.73837
PTC0490,10,Polyamides,22.767254,13.472372
PTC4490,10,Polyamides,8.424682,11.332205
PTC4380,9,Polyesters,11.740743,7.820972
PTC3443,15,Polycarbonates,11.13583,15.628926
PTC1430,11,Polyurethanes,13.908958,16.16685
PTC3749,19,Polyphenylenes,8.44799,5.5425105
PTC0837,9,Polyesters,10.555652,13.743747
PTC2710,9,Polyesters,6.2379675,11.9411125
PTC3258,13,Polyimides,-0.3466152,3.870064
PTC1648,15,Polycarbonates,10.743867,7.186312
PTC2863,11,Polyurethanes,1.2892839,-7.0545473
PTC4282,9,Polyesters,7.0545907,9.638662
PTC4064,3,Polyvinyls,6.3443418,9.516328
PTC0719,8,Polysulfides,5.6337957,9.750347
PTC4450,10,Polyamides,13.115568,-1.4117246
PTC2167,15,Polycarbonates,9.414144,12.595281
PTC0110,9,Polyesters,6.9203644,10.617229
PTC1245,10,Polyamides,6.2732058,13.276008
PTC3229,13,Polyimides,-2.5596423,1.3170816
PTC3884,17,Polyketones,6.8778462,10.5913
PTC0645,9,Polyesters,0.9326462,-3.7528293
PTC1224,10,Polyamides,11.146603,-9.709582
PTC1813,2,Polystyrenes,6.332022,9.411045
PTC4234,17,Polyketones,7.159066,6.1537995
PTC0610,7,Polyethers,10.513759,14.956786
PTC3852,9,Polyesters,7.3009033,6.6181784
PTC0065,14,Polyanhydrides,2.6867704,21.222977
PTC1134,10,Polyamides,7.1300006,10.139035
PTC1177,10,Polyamides,23.416285,0.3102036
PTC1237,10,Polyamides,-0.9545457,0.26986724
PTC4159,13,Polyimides,-0.95083034,0.280425
PTC1824,3,Polyvinyls,5.148881,10.346079
PTC4474,16,Polyimines,0.5774476,9.054603
PTC0062,14,Polyanhydrides,10.706758,9.052485
PTC3895,14,Polyanhydrides,6.9119024,10.577286
PTC1103,10,Polyamides,-9.353485,0.47201914
PTC1764,1,Polyolefins,5.781906,8.919551
PTC3181,13,Polyimides,4.7888246,8.817563
PTC0646,9,Polyesters,-3.605642,15.95608
PTC0654,7,Polyethers,10.6324625,14.969257
PTC0437,7,Polyethers,-6.3685436,1.2118115
PTC2791,9,Polyesters,-4.475645,-0.891175
PTC3766,5,Polyhalo-olefins,6.6022053,9.668766
PTC1522,13,Polyimides,-2.5852005,1.9612654
PTC2386,9,Polyesters,9.972499,12.8425665
PTC1319,10,Polyamides,6.1226373,13.483803
PTC2842,9,Polyesters,18.437208,10.65321
PTC1723,19,Polyphenylenes,7.204581,6.386121
PTC3147,12,Polyureas,15.958553,-2.687451
PTC0834,9,Polyesters,10.58673,13.766823
PTC1852,3,Polyvinyls,4.7389812,10.438819
PTC4066,7,Polyethers,6.066829,8.945994
PTC2222,15,Polycarbonates,7.20169,18.563564
PTC3418,15,Polycarbonates,8.078505,9.761036
PTC0971,9,Polyesters,12.145091,11.677201
PTC2131,15,Polycarbonates,5.226841,-2.225938
PTC1258,10,Polyamides,6.7220845,12.178249
PTC4455,13,Polyimides,-3.0558374,6.852153
PTC1296,10,Polyamides,6.6378117,12.948483
PTC3762,4,Polyacrylics,14.077913,12.0146265
PTC0898,9,Polyesters,11.134745,15.609868
PTC0565,7,Polyethers,8.742003,10.034917
PTC0461,7,Polyethers,9.837316,18.91475
PTC0875,9,Polyesters,7.0580893,10.682943
PTC2758,9,Polyesters,7.115717,5.555198
PTC0012,4,Polyacrylics,1.9254702,12.78944
PTC0395,6,Polydienes,6.457205,8.932056
PTC1381,11,Polyurethanes,14.678566,16.393406
PTC4202,14,Polyanhydrides,6.743242,10.378483
PTC1400,11,Polyurethanes,-4.8583813,11.419135
PTC3150,12,Polyureas,5.23655,3.2736342
PTC1117,10,Polyamides,4.4995337,17.096493
PTC1412,11,Polyurethanes,6.960972,16.537577
PTC2792,9,Polyesters,-0.59618545,13.0036545
PTC0670,7,Polyethers,11.932458,20.160133
PTC1842,3,Polyvinyls,6.6288047,8.87987
PTC1944,6,Polydienes,5.849302,8.779491
PTC3117,11,Polyurethanes,14.100502,16.394796
PTC0445,7,Polyethers,8.169361,5.5078588
PTC2178,7,Polyethers,10.96416,15.007543
PTC2657,11,Polyurethanes,14.64617,16.35953
PTC1106,10,Polyamides,23.409868,0.30738336
PTC1475,12,Polyureas,16.012033,-2.7435966
PTC4392,11,Polyurethanes,-6.4490075,3.7212038
PTC2677,9,Polyesters,6.8256803,12.030793
PTC1598,14,Polyanhydrides,9.523113,13.246949
PTC4457,13,Polyimides,-3.4954503,7.4328847
PTC0057,10,Polyamides,4.7981453,17.118927
PTC4329,9,Polyesters,2.462571,-9.991443
PTC0041,1,Polyolefins,4.323521,11.62101
PTC4513,12,Polyureas,-2.1611736,8.048307
PTC2675,9,Polyesters,11.072187,10.600152
PTC0474,9,Polyesters,-0.4322367,10.659353
PTC0432,7,Polyethers,8.73264,10.037346
PTC0672,7,Polyethers,16.364565,2.2785382
PTC0076,15,Polycarbonates,10.541516,7.047964
PTC0498,10,Polyamides,22.769287,13.497241
PTC2955,10,Polyamides,-3.128005,17.381065
PTC0417,7,Polyethers,5.7943006,11.711541
PTC2451,8,Polysulfides,11.185021,3.3190053
PTC1114,10,Polyamides,-9.3536825,0.47198594
PTC0048,10,Polyamides,-3.210874,17.32023
PTC1274,10,Polyamides,7.4671574,27.082062
PTC1914,4,Polyacrylics,14.470304,11.729003
PTC4443,9,Polyesters,11.659161,8.702985
PTC1203,10,Polyamides,23.40577,0.26924655
PTC0959,9,Polyesters,7.102246,13.763119
PTC1102,10,Polyamides,0.51716805,8.971564
PTC3767,19,Polyphenylenes,9.881965,4.4024696
PTC2111,7,Polyethers,5.632815,11.862031
PTC4150,5,Polyhalo-olefins,6.0856657,9.418105
PTC1213,10,Polyamides,1.5686996,14.821955
PTC2079,9,Polyesters,-0.61926603,13.00618
PTC0053,10,Polyamides,23.4709,0.37270212
PTC3111,11,Polyurethanes,5.4206777,3.030088
PTC1037,9,Polyesters,11.249626,11.528427
PTC3128,11,Polyurethanes,14.110054,16.444935
PTC4393,11,Polyurethanes,-6.4487677,3.7213764
PTC2067,7,Polyethers,5.703875,8.6380415
PTC4325,9,Polyesters,11.917264,16.600687
PTC0109,9,Polyesters,11.7744255,11.630401
PTC1851,4,Polyacrylics,2.7329464,12.585322
PTC0148,4,Polyacrylics,1.9994471,12.851799
PTC0726,8,Polysulfides,9.203546,17.579191
PTC2754,9,Polyesters,-4.7054176,-0.7154788
PTC2656,11,Polyurethanes,14.65133,16.363081
PTC3837,7,Polyethers,7.2422833,6.507413
PTC2522,8,Polysulfides,8.687838,5.8216896
PTC0214,1,Polyolefins,6.02981,9.513942
PTC3954,17,Polyketones,7.3000736,6.4619164
PTC2720,9,Polyesters,-6.7464805,10.76614
PTC2756,9,Polyesters,13.238861,22.749723
PTC0961,9,Polyesters,13.131556,22.64886
PTC4518,5,Polyhalo-olefins,7.030336,9.595125
PTC1044,9,Polyesters,12.261827,12.58561
PTC4025,3,Polyvinyls,6.5359583,9.703824
PTC4383,9,Polyesters,12.008036,7.8851953
PTC2953,10,Polyamides,6.568751,12.113539
PTC4267,16,Polyimines,7.105982,6.0151777
PTC1277,10,Polyamides,1.5634949,14.814482
PTC3239,13,Polyimides,1.3975796,-1.7288613
PTC1481,12,Polyureas,16.00812,-2.7395453
PTC1047,9,Polyesters,-0.5909313,13.016272
PTC4444,9,Polyesters,-4.683945,-0.72970665
PTC0032,1,Polyolefins,4.418748,11.269625
PTC2646,9,Polyesters,7.5221157,13.190264
PTC4268,17,Polyketones,6.980383,9.663839
PTC1973,7,Polyethers,5.795045,8.907887
PTC0211,6,Polydienes,6.1068845,8.769872
PTC1083,9,Polyesters,3.523296,19.85426
PTC0957,9,Polyesters,10.56368,7.6582026
PTC0927,9,Polyesters,-0.61958647,13.00255
PTC2920,10,Polyamides,4.4355702,4.222042
PTC2492,8,Polysulfides,9.606998,5.0908976
PTC3404,15,Polycarbonates,9.313325,12.775548
PTC0019,4,Polyacrylics,2.308265,12.628386
PTC1968,7,Polyethers,5.873701,8.75614
PTC3454,15,Polycarbonates,6.2112756,12.105439
PTC4361,10,Polyamides,22.882162,9.861355
PTC1421,11,Polyurethanes,6.7341704,16.140463
PTC0995,9,Polyesters,-0.667762,12.969737
PTC0720,8,Polysulfides,0.8853425,20.161879
PTC2944,10,Polyamides,-6.537663,-2.131348
PTC0484,10,Polyamides,7.466798,27.082409
PTC0054,10,Polyamides,23.355783,0.32941258
PTC0699,7,Polyethers,7.802772,6.5359583
PTC1390,11,Polyurethanes,14.605992,16.365746
PTC1084,9,Polyesters,3.5554473,19.90011
PTC4333,9,Polyesters,5.710811,-6.5512004
PTC3144,12,Polyureas,16.018595,-2.751063
PTC3298,13,Polyimides,16.986353,14.6969185
PTC1387,11,Polyurethanes,14.633288,16.353739
PTC1978,9,Polyesters,-3.6049027,15.956786
PTC3315,13,Polyimides,16.994057,14.702741
PTC3244,13,Polyimides,6.1943445,9.197557
PTC2350,15,Polycarbonates,7.197353,18.572353
PTC0860,9,Polyesters,-0.6091559,18.61743
PTC4456,13,Polyimides,-4.332446,6.771498
PTC0663,18,Polysulfones,9.332518,2.259199
PTC1122,10,Polyamides,4.468634,17.075119
PTC1149,10,Polyamides,23.522646,0.4185335
PTC2325,7,Polyethers,3.101333,3.2887075
PTC3033,10,Polyamides,6.218187,13.048268
PTC4348,10,Polyamides,-9.353684,0.47199944
PTC3399,15,Polycarbonates,6.319423,8.860242
PTC1586,14,Polyanhydrides,2.6730866,21.2338
PTC0773,9,Polyesters,8.989373,-8.488844
PTC2734,9,Polyesters,7.1161327,13.37313
PTC0839,9,Polyesters,10.560013,13.744157
PTC0008,4,Polyacrylics,2.1888185,12.199602
PTC0111,9,Polyesters,-5.6443605,0.924202
PTC0576,7,Polyethers,7.5057964,4.6665263
PTC1042,9,Polyesters,12.269578,12.597382
PTC2336,7,Polyethers,5.5924406,8.190484
PTC1200,10,Polyamides,23.409674,0.35696492
PTC1039,9,Polyesters,7.456595,9.528027
PTC2873,10,Polyamides,16.153996,3.918349
PTC3870,7,Polyethers,6.158737,9.697018
PTC3866,9,Polyesters,6.929587,10.547577
PTC1041,9,Polyesters,-0.71093595,12.944396
PTC0164,3,Polyvinyls,2.7970023,12.443104
PTC2641,9,Polyesters,6.9758716,12.4039345
PTC4251,9,Polyesters,7.1079664,9.646478
PTC3115,11,Polyurethanes,14.089467,16.420584
PTC0739,11,Polyurethanes,-4.925938,4.361044
PTC1028,9,Polyesters,6.8723793,12.329301
PTC1254,10,Polyamides,6.705696,12.837077
PTC4108,6,Polydienes,6.384218,8.874356
PTC0107,9,Polyesters,12.199356,12.482551
PTC4157,10,Polyamides,4.3776617,18.094587
PTC2784,9,Polyesters,12.269616,12.60675
PTC1425,11,Polyurethanes,6.701399,16.115795
PTC4063,7,Polyethers,5.8332925,8.897894
PTC1652,15,Polycarbonates,10.677094,7.161535
PTC4193,16,Polyimines,7.8104863,6.212626
PTC0040,1,Polyolefins,4.3090334,11.637464
PTC1000,9,Polyesters,11.387094,12.021742
PTC1012,9,Polyesters,12.456065,10.403397
PTC1272,10,Polyamides,7.467082,27.082134
PTC0387,6,Polydienes,4.9424305,10.393192
PTC2075,7,Polyethers,8.069481,5.4344473
PTC1801,3,Polyvinyls,3.7883084,11.448917
PTC0838,9,Polyesters,10.555651,13.74285
PTC3758,19,Polyphenylenes,7.6158524,5.8898616
PTC1961,11,Polyurethanes,8.727215,11.483077
PTC2905,10,Polyamides,4.023996,4.910526
PTC1866,5,Polyhalo-olefins,4.032388,23.132114
PTC1474,12,Polyureas,15.971112,-2.6986213
PTC3648,16,Polyimines,0.64063096,9.147858
PTC1180,10,Polyamides,23.485067,0.38733152
PTC1211,10,Polyamides,-5.8524976,-4.274383
PTC0730,14,Polyanhydrides,3.215978,20.774103
PTC1228,10,Polyamides,11.146585,-9.709488
PTC2109,7,Polyethers,5.6071434,11.50661
PTC1786,3,Polyvinyls,7.5428643,-2.0547793
PTC1462,10,Polyamides,23.5317,0.42003098
PTC0436,7,Polyethers,-6.3326054,1.2445291
PTC1151,10,Polyamides,6.1525416,13.44628
PTC1994,7,Polyethers,5.925067,9.805261
PTC0011,4,Polyacrylics,1.8467187,12.858657
PTC0801,9,Polyesters,13.348738,22.849855
PTC1404,11,Polyurethanes,-4.872797,11.431073
PTC4140,9,Polyesters,2.4543426,13.237482
PTC0777,9,Polyesters,8.989412,-8.488806
PTC0428,7,Polyethers,7.130582,9.586398
PTC4190,10,Polyamides,6.44378,13.159096
PTC1990,10,Polyamides,8.150275,11.527498
PTC0463,7,Polyethers,9.732315,18.822287
PTC1349,10,Polyamides,22.882288,9.861104
PTC3581,17,Polyketones,7.6315327,6.404446
PTC1270,10,Polyamides,-11.055601,10.441863
PTC0918,9,Polyesters,15.572863,15.780649
PTC1026,9,Polyesters,12.272996,12.591818
PTC1241,10,Polyamides,8.458398,11.364261
PTC2117,9,Polyesters,-0.27242064,24.453547
PTC3618,16,Polyimines,1.5509875,14.8024
PTC0079,15,Polycarbonates,10.644197,7.073174
PTC1045,9,Polyesters,12.222772,12.530559
PTC2509,8,Polysulfides,8.648961,5.8671417
PTC2967,10,Polyamides,7.582942,11.461356
PTC0921,9,Polyesters,13.10152,22.62011
PTC0880,9,Polyesters,13.6546335,12.296409
PTC2130,15,Polycarbonates,5.2269807,-2.226226
PTC1411,11,Polyurethanes,7.0643735,16.66005
PTC0817,9,Polyesters,3.2504454,1.3905818
PTC1737,19,Polyphenylenes,7.1465034,5.9870024
PTC2788,9,Polyesters,5.890783,11.003871
PTC0903,9,Polyesters,-6.742701,10.767288
PTC3069,10,Polyamides,6.2445397,13.361024
PTC0948,9,Polyesters,7.05188,10.047895
PTC0976,9,Polyesters,6.8485217,12.260615
PTC2306,9,Polyesters,7.3774085,18.382885
PTC1348,10,Polyamides,4.824127,17.110374
PTC4102,9,Polyesters,6.5396843,11.942605
PTC2125,7,Polyethers,-4.7656136,0.8844921
PTC4185,10,Polyamides,7.4667287,27.08251
PTC3916,17,Polyketones,6.818882,10.528483
PTC3920,10,Polyamides,6.958618,10.733924
PTC1377,11,Polyurethanes,14.582891,16.311203
PTC2187,7,Polyethers,8.2604475,3.7639606
PTC3802,7,Polyethers,7.6024046,4.7563233
PTC1005,9,Polyesters,11.039678,10.74006
PTC1401,11,Polyurethanes,14.717023,8.576146
PTC4144,15,Polycarbonates,7.5921545,4.679227
PTC1668,16,Polyimines,0.6683971,9.154603
PTC0130,7,Polyethers,6.6567454,9.704624
PTC0878,9,Polyesters,13.675139,12.292625
PTC1226,10,Polyamides,11.146583,-9.709476
PTC0932,9,Polyesters,10.459555,9.677013
PTC0681,9,Polyesters,17.733154,2.0312529
PTC4197,9,Polyesters,5.7047243,20.668324
PTC2875,10,Polyamides,0.5800479,9.050501
PTC2119,7,Polyethers,8.803231,10.046102
PTC4468,16,Polyimines,0.5881152,9.070337
PTC2864,10,Polyamides,17.506231,6.4770803
PTC0546,9,Polyesters,-0.27274516,24.458097
PTC0988,9,Polyesters,3.8161414,-9.325613
PTC1173,10,Polyamides,23.4587,0.27936956
PTC4420,7,Polyethers,8.351415,3.5909169
PTC0566,7,Polyethers,5.6251597,11.460711
PTC0642,9,Polyesters,22.693172,0.8568317
PTC0171,3,Polyvinyls,2.731728,12.5056305
PTC1034,9,Polyesters,3.4978948,19.897621
PTC2644,9,Polyesters,7.444128,13.100064
PTC2969,10,Polyamides,7.6699915,11.515977
PTC0015,4,Polyacrylics,2.072887,12.770205
PTC4008,12,Polyureas,6.800436,10.460071
PTC2353,15,Polycarbonates,7.2008758,18.541933
PTC4151,6,Polydienes,6.1337867,9.401237
PTC1751,1,Polyolefins,5.686741,8.755287
PTC2691,9,Polyesters,15.573464,15.781538
PTC2814,9,Polyesters,13.089368,22.609913
PTC1031,9,Polyesters,3.5084918,19.900091
PTC4094,7,Polyethers,7.2044163,3.6236043
PTC3373,14,Polyanhydrides,9.514273,13.251513
PTC2501,8,Polysulfides,18.02835,12.675519
PTC4398,10,Polyamides,5.953563,18.928358
PTC1477,12,Polyureas,16.014215,-2.7421556
PTC1429,11,Polyurethanes,14.59131,16.317808
PTC4368,11,Polyurethanes,6.432424,16.031801
PTC0527,14,Polyanhydrides,4.8628078,5.605648
PTC4458,13,Polyimides,4.3980966,8.414003
PTC4356,10,Polyamides,22.889717,9.845957
PTC0431,7,Polyethers,8.7119255,10.0440445
PTC2122,7,Polyethers,8.808241,10.046603
PTC1184,10,Polyamides,23.51409,0.42154732
PTC0653,7,Polyethers,5.846024,11.610426
PTC1030,9,Polyesters,11.226499,11.535394
PTC0031,1,Polyolefins,4.588756,10.852002
PTC4263,17,Polyketones,7.0360575,9.713061
PTC3750,19,Polyphenylenes,9.192052,4.803472
PTC0033,1,Polyolefins,4.711624,11.230083
PTC1671,16,Polyimines,0.5779034,9.046354
PTC0113,9,Polyesters,6.812514,12.2519245
PTC4205,14,Polyanhydrides,6.72425,10.392134
PTC0043,1,Polyolefins,4.4958906,11.143694
PTC0018,4,Polyacrylics,2.3248065,12.796031
PTC2936,10,Polyamides,6.576633,12.100363
PTC1137,10,Polyamides,-6.294959,12.845869
PTC3044,10,Polyamides,7.462228,12.279225
PTC3425,15,Polycarbonates,10.851708,7.4405107
PTC3381,14,Polyanhydrides,4.850413,9.051947
PTC1016,9,Polyesters,11.9942255,10.838357
PTC1856,3,Polyvinyls,6.090221,8.603506
PTC1155,10,Polyamides,-5.8529353,-4.2742877
PTC1831,3,Polyvinyls,5.1244926,10.324229
PTC1334,10,Polyamides,22.882793,9.860865
PTC3138,11,Polyurethanes,-4.8105125,11.382865
PTC0949,9,Polyesters,7.0090327,10.0426855
PTC3688,18,Polysulfones,9.060603,-0.15969099
PTC0515,14,Polyanhydrides,4.8712525,5.5939894
PTC1217,10,Polyamides,-5.853214,-4.274402
PTC1589,14,Polyanhydrides,2.7654276,21.136776
PTC1885,4,Polyacrylics,3.4884205,12.715414
PTC4322,9,Polyesters,2.4625766,-9.991489
PTC2407,9,Polyesters,8.988864,-8.488663
PTC4459,13,Polyimides,4.396361,8.404278
PTC2862,10,Polyamides,15.915878,-2.645437
PTC4509,9,Polyesters,11.99663,7.0885715
PTC0798,9,Polyesters,5.645114,20.608952
PTC4278,14,Polyanhydrides,7.275865,6.4213243
PTC1015,9,Polyesters,12.532499,10.326137
PTC3414,15,Polycarbonates,9.219427,12.459723
PTC0640,9,Polyesters,19.912863,4.4620295
PTC1170,10,Polyamides,-7.4894896,6.0563493
PTC2293,7,Polyethers,6.4864697,9.459895
PTC0392,6,Polydienes,4.729198,10.540043
PTC4031,3,Polyvinyls,6.572781,9.6628895
PTC0905,9,Polyesters,11.361229,12.580394
PTC2652,9,Polyesters,18.392395,8.571727
PTC0863,9,Polyesters,3.0172734,1.49034
PTC0434,7,Polyethers,-6.355719,1.2188394
PTC0721,8,Polysulfides,9.197111,17.590897
PTC0972,9,Polyesters,3.1378202,1.5986124
PTC0950,9,Polyesters,6.7906165,11.995089
PTC1461,11,Polyurethanes,13.827342,15.795094
PTC1986,9,Polyesters,22.679094,0.8658917
PTC1305,10,Polyamides,6.271663,13.372382
PTC0983,9,Polyesters,-4.4552984,-0.90611655
PTC4352,10,Polyamides,22.841429,9.901742
PTC1256,10,Polyamides,6.715329,12.807643
PTC1901,4,Polyacrylics,2.9878433,11.86994
PTC4259,17,Polyketones,6.937635,9.657917
PTC2642,9,Polyesters,7.4627557,13.126583
PTC3720,19,Polyphenylenes,7.1181755,5.720551
PTC1124,10,Polyamides,4.48039,17.106611
PTC1116,10,Polyamides,-6.294269,12.844787
PTC0261,3,Polyvinyls,7.5842457,-2.0128777
PTC1100,10,Polyamides,23.40085,0.4757729
PTC0772,9,Polyesters,8.989354,-8.488821
PTC3701,19,Polyphenylenes,12.633693,9.443377
PTC0742,11,Polyurethanes,19.032839,13.602707
PTC0036,1,Polyolefins,4.3091593,11.631921
PTC2002,7,Polyethers,7.1168704,9.571548
PTC1359,10,Polyamides,22.88147,9.862164
PTC1160,10,Polyamides,7.0292115,13.853611
PTC3378,14,Polyanhydrides,4.9561296,8.961571
PTC3903,17,Polyketones,6.873616,10.560706
PTC0755,10,Polyamides,3.366353,-5.982731
PTC1168,10,Polyamides,7.657855,11.529066
PTC2349,15,Polycarbonates,7.189541,18.572245
PTC1238,10,Polyamides,-0.9541676,0.27182597
PTC1223,10,Polyamides,11.146672,-9.7071905
PTC1809,3,Polyvinyls,4.073359,10.995545
PTC1402,11,Polyurethanes,-4.873061,11.430699
PTC3043,10,Polyamides,2.500796,7.907083
PTC1470,12,Polyureas,15.95872,-2.6907017
PTC1484,12,Polyureas,16.01981,-2.75207
PTC3201,13,Polyimides,-3.946395,9.673665
PTC1340,10,Polyamides,22.898302,9.845146
PTC4053,13,Polyimides,8.576431,1.4254882
PTC0388,6,Polydienes,4.9732027,10.419532
PTC0984,9,Polyesters,15.570754,15.779224
PTC0134,17,Polyketones,6.938076,10.546463
PTC1108,10,Polyamides,4.3892994,18.062319
PTC1491,13,Polyimides,5.9389014,9.492487
PTC1167,10,Polyamides,-3.1959279,17.317837
PTC4192,19,Polyphenylenes,7.6174407,6.044649
PTC1311,10,Polyamides,13.658451,12.295726
PTC1450,11,Polyurethanes,6.824019,16.218157
PTC1066,9,Polyesters,-4.2308884,3.6166322
PTC4071,13,Polyimides,-1.916671,8.011847
PTC1009,9,Polyesters,12.778392,3.564076
PTC4250,17,Polyketones,7.0865507,9.60555
PTC1383,11,Polyurethanes,8.434162,19.866327
PTC1934,5,Polyhalo-olefins,4.22828,11.126871
PTC4168,10,Polyamides,6.1282783,3.1767912
PTC2881,10,Polyamides,7.027442,10.52279
PTC4260,17,Polyketones,6.9720645,9.656272
PTC1003,9,Polyesters,12.7716675,3.5686276
PTC1129,10,Polyamides,4.3409266,18.095148
PTC1128,10,Polyamides,3.9140816,4.7072263
PTC0585,9,Polyesters,9.991437,11.677259
PTC0852,9,Polyesters,7.297156,12.9674835
PTC2669,9,Polyesters,12.797353,3.5599415
PTC1458,11,Polyurethanes,10.508295,7.137007
PTC0429,7,Polyethers,8.443617,10.04375
PTC2270,9,Polyesters,9.820615,12.704698
PTC2698,9,Polyesters,9.677095,12.820781
PTC2435,8,Polysulfides,10.170992,5.071903
PTC1322,10,Polyamides,6.1402035,13.467771
PTC3190,13,Polyimides,-2.6704504,6.69201
PTC2648,9,Polyesters,2.4645064,-9.986897
PTC0453,7,Polyethers,10.108099,19.145643
PTC1338,10,Polyamides,22.88119,9.861942
PTC1221,10,Polyamides,13.233391,-1.3520187
PTC3935,10,Polyamides,6.8059793,10.507795
PTC1275,10,Polyamides,7.5051975,27.04407
PTC1494,13,Polyimides,12.715091,18.54365
PTC3646,17,Polyketones,6.6539884,3.3322856
PTC1675,16,Polyimines,6.0948925,9.967407
PTC3261,13,Polyimides,0.08025189,4.0142174
PTC1639,15,Polycarbonates,9.439925,12.967324
PTC0960,9,Polyesters,3.5014195,19.892979
PTC1336,10,Polyamides,22.907753,9.835619
PTC1632,15,Polycarbonates,9.422411,13.021532
PTC1021,9,Polyesters,12.414852,10.453731
PTC0835,9,Polyesters,10.554349,13.741225
PTC2647,9,Polyesters,7.5226235,13.1877365
PTC1578,14,Polyanhydrides,2.8513813,21.047152
PTC0092,7,Polyethers,13.886109,0.9128192
PTC0982,9,Polyesters,17.730604,2.0363667
PTC0986,9,Polyesters,8.502666,14.982185
PTC1467,12,Polyureas,15.956404,-2.6883912
PTC2908,10,Polyamides,3.9870753,4.925697
PTC3774,4,Polyacrylics,14.2149315,11.875527
PTC3753,19,Polyphenylenes,7.5449324,5.881682
PTC3706,19,Polyphenylenes,12.624925,9.441888
PTC1164,10,Polyamides,-3.1511855,17.293617
PTC0450,7,Polyethers,10.1086,19.145151
PTC2602,8,Polysulfides,7.4575596,5.6782384
PTC2990,10,Polyamides,-7.489643,6.0560026
PTC0480,10,Polyamides,17.20251,4.874211
PTC0200,1,Polyolefins,4.5709186,11.289255
PTC0155,3,Polyvinyls,3.2060332,12.170524
PTC0732,9,Polyesters,3.519725,19.901787
PTC0843,9,Polyesters,13.111629,22.62932
PTC1374,11,Polyurethanes,13.875056,16.154634
PTC1199,10,Polyamides,23.410152,0.30839458
PTC0470,9,Polyesters,-0.27172455,24.457119
PTC1947,6,Polydienes,6.360661,8.897397
PTC3291,13,Polyimides,-2.7377567,1.661853
PTC3301,13,Polyimides,4.2807913,8.515224
PTC0136,18,Polysulfones,8.888508,2.1153848
PTC1392,11,Polyurethanes,14.63635,16.354567
PTC2672,9,Polyesters,11.039601,10.66307
PTC3924,12,Polyureas,1.5765015,14.79629
PTC1077,9,Polyesters,11.138337,7.9886656
PTC3379,14,Polyanhydrides,4.6035957,9.088661
PTC2107,7,Polyethers,8.732956,10.042958
PTC3322,13,Polyimides,-2.5827982,1.3321972
PTC4350,10,Polyamides,22.883522,9.859836
PTC0055,10,Polyamides,23.418558,0.31279656
PTC4434,9,Polyesters,18.276493,5.5761156
PTC3100,11,Polyurethanes,9.033065,12.272388
PTC2240,10,Polyamides,5.9672923,18.963352
PTC2596,9,Polyesters,8.989585,-8.488903
PTC0592,11,Polyurethanes,13.646563,16.265938
PTC2378,17,Polyketones,6.6742425,3.1249676
PTC2806,9,Polyesters,8.823543,16.655903
PTC1729,19,Polyphenylenes,7.2267823,6.399977
PTC3707,19,Polyphenylenes,7.611943,6.0974083
PTC1658,15,Polycarbonates,10.715814,7.0748477
PTC0981,9,Polyesters,11.3647375,12.590808
PTC3135,11,Polyurethanes,14.626835,16.34909
PTC4261,16,Polyimines,6.8859,9.58022
PTC2761,9,Polyesters,13.238285,22.748926
PTC0593,11,Polyurethanes,5.6365504,3.0502312
PTC4035,7,Polyethers,7.30178,6.691881
PTC1121,10,Polyamides,7.0232725,13.863989
PTC1008,9,Polyesters,12.780239,3.5654564
PTC3007,10,Polyamides,4.798703,17.120207
PTC0466,7,Polyethers,7.4876323,4.7304873
PTC4184,10,Polyamides,-11.055459,10.442004
PTC4485,7,Polyethers,14.109984,5.102713
PTC3032,10,Polyamides,6.2743726,13.319595
PTC4355,10,Polyamides,22.87814,9.864687
PTC2123,7,Polyethers,-4.7736154,0.8820285
PTC1142,10,Polyamides,13.124891,-1.4175882
PTC1175,10,Polyamides,23.367458,0.26575714
PTC3893,13,Polyimides,6.8490725,10.552087
PTC2639,9,Polyesters,9.920134,11.880565
PTC2390,9,Polyesters,7.244577,18.501745
PTC1295,10,Polyamides,6.596557,13.041675
PTC3347,13,Polyimides,0.41618055,3.040082
PTC0987,9,Polyesters,13.083813,22.6024
PTC4072,13,Polyimides,-5.100107,8.69248
PTC0913,9,Polyesters,13.13885,22.657108
PTC4269,17,Polyketones,6.9670076,9.638219
PTC1599,14,Polyanhydrides,5.2606864,9.056663
PTC2014,9,Polyesters,11.984796,7.9083123
PTC0433,7,Polyethers,8.711069,10.035354
PTC2680,9,Polyesters,-4.4370623,-0.5590511
PTC0833,9,Polyesters,10.594742,13.775327
PTC0589,11,Polyurethanes,13.491598,16.376612
PTC0624,9,Polyesters,9.938381,11.875075
PTC1172,10,Polyamides,-7.4904265,6.0554123
PTC1252,10,Polyamides,7.604653,12.567209
PTC1438,11,Polyurethanes,6.704486,16.157427
PTC1716,18,Polysulfones,9.050723,-0.20049462
PTC0939,9,Polyesters,6.1917872,-0.44574988
PTC0896,9,Polyesters,11.027896,15.837489
PTC0050,10,Polyamides,-3.2076468,17.320457
PTC1437,11,Polyurethanes,8.742639,11.532061
PTC2622,9,Polyesters,10.556515,13.723559
PTC1132,10,Polyamides,4.3126354,18.224434
PTC1049,9,Polyesters,3.4472966,6.672064
PTC1790,4,Polyacrylics,2.7139025,12.722647
PTC4437,9,Polyesters,18.27849,5.5778456
PTC0477,9,Polyesters,5.8908086,4.5014772
PTC3904,9,Polyesters,6.9265776,10.669138
PTC1643,15,Polycarbonates,12.220511,10.63949
PTC3193,13,Polyimides,-0.56367403,4.6890078
PTC0677,7,Polyethers,8.707998,10.042747
PTC0968,9,Polyesters,3.0725992,1.4778174
PTC0787,9,Polyesters,7.5202856,13.188505
PTC2859,10,Polyamides,7.130893,10.116476
PTC1788,3,Polyvinyls,5.108947,10.327525
PTC0047,10,Polyamides,-3.2100332,17.31866
PTC4395,10,Polyamides,5.9583273,18.932806
PTC1013,9,Polyesters,12.55599,10.30037
PTC4385,9,Polyesters,11.974582,7.8320475
PTC1310,10,Polyamides,13.656264,12.2978735
PTC1677,16,Polyimines,0.65185016,9.108766
PTC1283,10,Polyamides,8.471286,11.373928
PTC0413,7,Polyethers,5.6897335,11.599435
PTC3070,10,Polyamides,-7.490598,6.0545177
PTC1360,10,Polyamides,6.2504077,13.029896
PTC3067,10,Polyamides,-0.9517057,0.27323702
PTC1877,4,Polyacrylics,3.140047,12.181578
PTC1006,9,Polyesters,-0.5262025,13.05058
PTC0518,14,Polyanhydrides,5.062783,5.3532276
PTC0435,7,Polyethers,-6.372088,1.2175314
PTC2253,15,Polycarbonates,7.234105,18.505823
PTC3877,17,Polyketones,7.450429,6.344394
PTC3072,10,Polyamides,-6.535073,-2.12358
PTC0034,1,Polyolefins,6.012042,9.376952
PTC4107,6,Polydienes,5.874401,9.172479
PTC1147,10,Polyamides,8.497209,0.51764375
PTC3520,16,Polyimines,13.295204,5.038118
PTC0979,11,Polyurethanes,-4.1805215,2.3181148
PTC2866,10,Polyamides,-6.2938604,12.845693
PTC1674,16,Polyimines,0.61042845,9.085444
PTC1032,9,Polyesters,3.5424929,19.935781
PTC0609,7,Polyethers,8.720343,10.042825
PTC1993,7,Polyethers,5.9312077,9.833094
PTC4098,19,Polyphenylenes,7.2109056,6.566521
PTC1246,10,Polyamides,7.6135893,12.566402
PTC2643,9,Polyesters,7.46673,13.131859
PTC0424,7,Polyethers,5.910618,11.67035
PTC0770,8,Polysulfides,4.930368,10.499389
PTC1447,11,Polyurethanes,8.759595,11.609484
PTC1810,3,Polyvinyls,4.129232,10.933759
PTC3071,10,Polyamides,23.425508,0.33768535
PTC1385,11,Polyurethanes,14.554551,16.27806
PTC4512,13,Polyimides,-3.3350186,7.5725784
PTC1115,10,Polyamides,-2.8404772,19.45
PTC0711,8,Polysulfides,9.173252,17.514318
PTC0902,9,Polyesters,11.028338,15.83723
PTC2824,9,Polyesters,6.956822,10.737642
PTC0783,15,Polycarbonates,9.499348,13.202558
PTC3285,13,Polyimides,12.745282,18.576471
PTC4309,9,Polyesters,4.3390822,6.53847
PTC0009,4,Polyacrylics,1.9437652,12.850762
PTC4401,9,Polyesters,7.406345,18.351639
PTC0803,9,Polyesters,5.7012978,20.661741
PTC2903,10,Polyamides,3.9904552,4.91502
PTC2226,7,Polyethers,5.4406514,10.9492855
PTC1289,10,Polyamides,4.3536973,18.04382
PTC4181,6,Polydienes,4.947296,10.3893175
PTC0587,10,Polyamides,4.4583635,17.911945
PTC0459,7,Polyethers,-6.3722596,1.207523
PTC2968,10,Polyamides,7.671287,11.517949
PTC2992,10,Polyamides,-6.5004587,-2.1767309
PTC0541,9,Polyesters,7.2881236,11.86905
PTC1098,10,Polyamides,-3.2038052,17.323391
PTC1843,3,Polyvinyls,3.1778471,12.1301775
PTC2504,8,Polysulfides,17.893688,12.377737
PTC0895,9,Polyesters,11.136548,15.624197
PTC0005,4,Polyacrylics,2.8586996,11.82383
PTC4316,9,Polyesters,13.109371,22.628006
PTC1747,19,Polyphenylenes,7.55544,5.997582
PTC0016,4,Polyacrylics,1.5375624,13.012733
PTC4492,13,Polyimides,-3.8825555,6.9331894
PTC3385,15,Polycarbonates,11.042786,7.191434
PTC0714,8,Polysulfides,6.509903,9.9183655
PTC3639,16,Polyimines,7.515576,6.1243243
PTC4402,17,Polyketones,7.7688966,2.2345154
PTC0931,9,Polyesters,12.016538,11.641941
PTC3055,10,Polyamides,23.4219,0.3256487
PTC3010,10,Polyamides,4.8000116,17.11954
PTC1023,9,Polyesters,12.762792,3.568158
PTC4254,10,Polyamides,7.0495396,9.596709
PTC0122,7,Polyethers,-6.3553185,1.2193248
PTC0150,3,Polyvinyls,2.8195403,12.426733
PTC1753,1,Polyolefins,15.2845125,2.1855803
PTC0044,1,Polyolefins,4.9022384,10.5796795
PTC1870,3,Polyvinyls,7.3649607,-2.2263803
PTC3891,10,Polyamides,7.2748437,5.81984
PTC2780,9,Polyesters,12.274158,12.588449
PTC0004,4,Polyacrylics,3.3601215,12.511326
PTC2534,8,Polysulfides,8.650092,5.750513
PTC0327,4,Polyacrylics,15.090926,11.641511
PTC4077,9,Polyesters,2.500883,13.115499
PTC0288,3,Polyvinyls,7.667895,-1.9439896
PTC1951,6,Polydienes,6.109556,8.796103
PTC0132,17,Polyketones,7.699885,2.3067048
PTC1384,11,Polyurethanes,-4.8040857,11.384505
PTC0967,9,Polyesters,3.8165188,-9.325494
PTC0985,9,Polyesters,19.911798,4.461573
PTC3951,17,Polyketones,7.4786777,6.510584
PTC4311,10,Polyamides,6.201902,2.2937403
PTC1085,9,Polyesters,3.021922,1.4190642
PTC1093,10,Polyamides,23.373863,0.27221394
PTC0524,14,Polyanhydrides,5.0574474,5.291888
PTC1534,13,Polyimides,-3.4707994,7.4621468
PTC2175,7,Polyethers,8.524242,10.090113
PTC1394,11,Polyurethanes,14.634231,16.356411
PTC1192,10,Polyamides,23.484749,0.3248466
PTC0022,4,Polyacrylics,2.2419016,12.775888
PTC1194,10,Polyamides,23.371218,0.2515013
PTC0831,9,Polyesters,10.443018,13.664501
PTC4476,16,Polyimines,0.5726692,9.049399
PTC0753,14,Polyanhydrides,3.2105181,20.7867
PTC2960,10,Polyamides,13.214536,-1.3243487
PTC4227,11,Polyurethanes,-5.8371844,1.0188636
PTC0947,9,Polyesters,3.8165457,-9.325487
PTC2999,10,Polyamides,-0.9530112,0.27177
PTC3143,12,Polyureas,1.5671462,14.80848
PTC0049,10,Polyamides,-3.2108622,17.31829
PTC2973,10,Polyamides,18.025654,4.0261526
PTC1388,11,Polyurethanes,14.636955,16.356989
PTC3760,19,Polyphenylenes,7.612831,5.9435844
PTC4460,13,Polyimides,4.2477765,8.433122
PTC2621,9,Polyesters,12.741032,3.545154
PTC0765,8,Polysulfides,8.955451,13.983353
PTC1950,6,Polydienes,6.2329493,9.794934
PTC0199,1,Polyolefins,5.8009124,8.905738
PTC1299,10,Polyamides,6.3026357,13.367663
PTC0560,7,Polyethers,7.035408,9.598775
PTC0580,7,Polyethers,13.848231,0.88608825
PTC0930,9,Polyesters,-4.239624,3.61171
PTC0909,9,Polyesters,13.120015,22.637297
PTC1019,9,Polyesters,12.532146,10.331196
PTC1157,10,Polyamides,-5.852518,-4.2744036
PTC1288,10,Polyamides,17.130526,4.9486747
PTC0623,9,Polyesters,11.386209,11.967244
PTC2902,10,Polyamides,-1.0464106,16.379028
PTC0703,8,Polysulfides,6.205423,9.3438635
PTC4484,6,Polydienes,6.6987286,9.203389
PTC4308,17,Polyketones,7.6092887,2.3285937
PTC0013,4,Polyacrylics,2.4905672,12.312199
PTC1927,5,Polyhalo-olefins,4.60306,9.894893
PTC2311,7,Polyethers,6.9902587,9.558751
PTC1426,11,Polyurethanes,13.8221445,16.149733
PTC0409,7,Polyethers,5.6485767,11.491068
PTC3116,11,Polyurethanes,14.118204,16.46867
PTC0085,5,Polyhalo-olefins,7.028495,9.546633
PTC1935,5,Polyhalo-olefins,4.240027,11.077839
PTC0399,6,Polydienes,5.532425,8.590226
PTC1131,10,Polyamides,4.3357625,18.20306
PTC2825,9,Polyesters,-4.677699,-0.73637533
PTC2986,10,Polyamides,23.026037,0.9283411
PTC0824,9,Polyesters,-6.7460318,10.773068
PTC4079,12,Polyureas,-2.2959654,7.942934
PTC0554,18,Polysulfones,8.878169,2.119665
PTC3206,13,Polyimides,-0.9719686,5.342458
PTC2272,7,Polyethers,8.475189,5.965912
PTC0106,9,Polyesters,11.453538,11.868392
PTC1792,4,Polyacrylics,2.800541,12.801207
PTC2284,7,Polyethers,6.398054,6.1691403
PTC3052,15,Polycarbonates,-4.7376823,14.747154
PTC1832,3,Polyvinyls,5.9239016,9.7664
PTC0975,9,Polyesters,7.899867,10.993157
PTC2233,7,Polyethers,5.7550354,11.63685
PTC1440,11,Polyurethanes,8.889442,11.35037
PTC2223,17,Polyketones,7.682306,6.5936794
PTC4428,9,Polyesters,5.681713,-6.5187235
PTC4433,9,Polyesters,18.276484,5.576363
PTC0978,9,Polyesters,13.106907,22.625767
PTC1250,10,Polyamides,6.129149,13.480518
PTC0322,4,Polyacrylics,14.932289,11.809134
PTC0937,9,Polyesters,2.462573,-9.991407
PTC0025,4,Polyacrylics,2.3635147,13.144437
PTC1061,9,Polyesters,-6.742058,10.764532
PTC2423,8,Polysulfides,6.5084734,9.953755
PTC0775,8,Polysulfides,17.898403,12.380369
PTC0086,5,Polyhalo-olefins,4.7453475,10.50886
PTC4141,6,Polydienes,5.10166,9.908666
PTC0581,7,Polyethers,10.5720825,14.963426
PTC1448,11,Polyurethanes,7.2019963,15.4358835
PTC0866,9,Polyesters,11.323991,12.083163
PTC1352,10,Polyamides,-4.9847097,-0.088577926
PTC0784,11,Polyurethanes,9.116751,17.387865
PTC0039,1,Polyolefins,6.4381504,9.740609
PTC2894,10,Polyamides,8.887422,11.32185
PTC0715,8,Polysulfides,5.6394587,9.767005
PTC0114,9,Polyesters,6.929659,10.743037
PTC4028,3,Polyvinyls,6.513587,9.691774
PTC4367,11,Polyurethanes,6.393326,16.028116
PTC1152,10,Polyamides,-5.8457465,-4.268686
PTC2993,10,Polyamides,-6.5003567,-2.176802
PTC2766,9,Polyesters,-4.703984,-0.71605724
PTC1670,16,Polyimines,0.5451044,9.013892
PTC2655,9,Polyesters,18.384682,8.549014
PTC0080,15,Polycarbonates,9.386422,12.586165
PTC1099,10,Polyamides,23.357872,0.25372186
PTC0795,9,Polyesters,9.742913,12.454986
PTC2391,9,Polyesters,7.340287,18.41938
PTC1320,10,Polyamides,6.123476,13.480724
PTC0628,9,Polyesters,-0.2713297,24.454723
PTC1888,4,Polyacrylics,3.1094363,12.142729
PTC1431,11,Polyurethanes,-4.8062544,11.381816
PTC3679,17,Polyketones,6.780902,3.6661844
PTC1471,12,Polyureas,16.017494,-2.7447813
PTC2001,7,Polyethers,9.744415,18.83386
PTC1297,10,Polyamides,3.4950101,12.434407
PTC0438,7,Polyethers,5.966872,9.701374
PTC4153,7,Polyethers,5.6732535,8.9512005
PTC0212,6,Polydienes,4.970709,10.393022
PTC3339,13,Polyimides,-2.458457,8.57556
PTC0183,2,Polystyrenes,3.3158166,10.555438
PTC1198,10,Polyamides,23.554665,0.44458237
PTC1097,10,Polyamides,23.47441,0.37990826
PTC0723,8,Polysulfides,0.887335,20.159294
PTC3842,17,Polyketones,7.2875257,6.3160067
PTC3045,10,Polyamides,-7.517266,6.028517
PTC0051,10,Polyamides,23.437557,0.3180194
PTC3388,15,Polycarbonates,10.965737,7.145448
PTC1027,9,Polyesters,7.13763,13.444631
PTC1279,10,Polyamides,4.014322,4.8997445
PTC0215,6,Polydienes,15.284704,2.1853733
PTC0045,10,Polyamides,7.0815773,10.852394
PTC0398,6,Polydienes,4.9046335,10.362801
PTC1987,9,Polyesters,22.643538,0.88973445
PTC0522,14,Polyanhydrides,4.5182867,5.9683557
PTC1469,12,Polyureas,15.987209,-2.7162392
PTC1867,5,Polyhalo-olefins,4.0322375,23.132025
PTC2494,8,Polysulfides,17.90323,12.390035
PTC0545,9,Polyesters,-0.27145442,24.455658
PTC0966,9,Polyesters,13.158915,22.676498
PTC0754,14,Polyanhydrides,3.1689913,20.826637
PTC2663,9,Polyesters,-0.71714944,12.94021
PTC4027,3,Polyvinyls,6.532167,9.705285
PTC3452,15,Polycarbonates,6.321883,12.126697
PTC0906,9,Polyesters,17.73019,2.0374575
PTC4360,10,Polyamides,-2.7037005,19.314615
PTC2174,7,Polyethers,8.508507,10.096183
PTC2499,8,Polysulfides,18.028645,12.671441
PTC1881,4,Polyacrylics,2.4060159,12.540566
PTC2983,10,Polyamides,5.8040276,14.12632
PTC0781,8,Polysulfides,9.202314,17.578547
PTC0887,9,Polyesters,5.703896,20.66768
PTC1156,10,Polyamides,1.5665694,14.81641
PTC0936,9,Polyesters,2.462508,-9.991477
PTC0601,17,Polyketones,8.4805765,2.5851536
PTC4400,9,Polyesters,7.411369,18.346893
PTC1204,10,Polyamides,23.464529,0.34448704
PTC0659,9,Polyesters,11.239577,11.505866
PTC1850,4,Polyacrylics,14.476627,11.748465
PTC1038,9,Polyesters,11.884842,7.710574
PTC1076,9,Polyesters,17.729992,2.03751
PTC4508,9,Polyesters,12.0296335,7.4178495
PTC4220,11,Polyurethanes,7.021131,10.830522
PTC2845,9,Polyesters,18.437733,10.652006
PTC1187,10,Polyamides,23.440443,0.31698442
PTC1403,11,Polyurethanes,14.717194,8.577333
PTC1092,10,Polyamides,23.432573,0.3342469
PTC1926,5,Polyhalo-olefins,6.4702916,9.574037
PTC0517,14,Polyanhydrides,4.572912,5.897802
PTC1064,9,Polyesters,-4.2420645,3.610014
PTC0539,9,Polyesters,9.445043,12.577721
PTC1772,2,Polystyrenes,6.638237,9.723063
PTC4345,10,Polyamides,-5.8520365,-4.273955
PTC2876,10,Polyamides,0.5773283,9.049008
PTC1298,10,Polyamides,6.219148,13.056488
PTC3101,11,Polyurethanes,6.6794796,16.080936
PTC1811,3,Polyvinyls,4.721551,10.334643
PTC1443,11,Polyurethanes,8.807691,11.4919815
PTC0655,11,Polyurethanes,13.491542,16.372007
PTC0115,9,Polyesters,5.722081,11.027118
PTC2744,9,Polyesters,7.8839855,-8.55779
PTC3840,17,Polyketones,7.2339544,6.5910926
PTC3509,16,Polyimines,7.74873,6.2625628
PTC4163,7,Polyethers,13.855502,0.93509585
PTC3057,10,Polyamides,7.1123376,10.884523
PTC1095,10,Polyamides,23.478552,0.37295344
PTC3693,18,Polysulfones,5.336083,10.052949
PTC4123,18,Polysulfones,6.3793263,6.164939
PTC2279,7,Polyethers,5.6045256,8.227365
PTC0103,9,Polyesters,-5.6295567,0.92639583
PTC0300,3,Polyvinyls,4.2694407,10.77959
PTC1227,10,Polyamides,11.146527,-9.709452
PTC2980,10,Polyamides,5.8151245,14.105621
PTC1215,10,Polyamides,23.03019,0.92263347
PTC1666,16,Polyimines,0.5945214,9.072069
PTC0709,8,Polysulfides,4.90616,10.544777
PTC1815,3,Polyvinyls,6.565055,9.717854
PTC2828,9,Polyesters,11.611153,7.1663194
PTC3711,19,Polyphenylenes,7.510981,6.0611663
PTC1558,13,Polyimides,-2.3903177,2.0599797
PTC1719,18,Polysulfones,6.4093747,9.822275
PTC1096,10,Polyamides,23.373768,0.25624415
PTC1011,9,Polyesters,7.522599,13.192359
PTC4233,19,Polyphenylenes,7.140615,6.0053115
PTC2396,9,Polyesters,-0.6200537,13.005263
PTC1072,9,Polyesters,9.338176,12.9812155
PTC4442,9,Polyesters,11.620496,8.708292
PTC2128,7,Polyethers,-4.7732544,0.8795044
PTC3068,10,Polyamides,7.080827,10.808824
PTC2722,9,Polyesters,-6.7454753,10.766562
PTC4431,9,Polyesters,-4.7641788,-0.6603539
PTC1782,2,Polystyrenes,1.2520856,13.182933
PTC0491,10,Polyamides,22.768755,13.495926
PTC0729,14,Polyanhydrides,3.2086177,20.776215
PTC2762,9,Polyesters,13.273442,22.782614
PTC0989,9,Polyesters,-6.096671,20.057644
PTC0562,7,Polyethers,5.650194,11.512538
PTC0081,15,Polycarbonates,5.544652,10.97918
PTC2951,11,Polyurethanes,1.2893744,-7.0546384
PTC1595,14,Polyanhydrides,2.8536599,21.045948
PTC0028,9,Polyesters,-5.643663,0.9281993
PTC2000,10,Polyamides,13.197851,8.421591
PTC1112,10,Polyamides,4.487064,17.116138
PTC4091,7,Polyethers,7.210539,3.3654022
PTC0452,7,Polyethers,10.108156,19.145597
PTC3896,14,Polyanhydrides,6.8704224,10.564293
PTC0962,9,Polyesters,6.195106,-0.43886185
PTC2173,7,Polyethers,8.525601,10.074545
PTC2839,9,Polyesters,17.252249,4.8405395
PTC2393,7,Polyethers,9.073551,6.040939
PTC1982,7,Polyethers,6.4716606,9.994803
PTC2978,10,Polyamides,5.9407825,13.896817
PTC2911,10,Polyamides,4.486439,4.254482
PTC1358,10,Polyamides,-3.208076,17.321173
PTC3708,19,Polyphenylenes,8.844324,5.355797
PTC2234,7,Polyethers,7.119868,9.614138
PTC1444,11,Polyurethanes,8.888653,11.363584
PTC2795,9,Polyesters,-4.563821,14.439123
PTC1018,9,Polyesters,12.535213,10.328936
PTC1960,11,Polyurethanes,11.751684,12.90258
PTC1482,12,Polyureas,8.441709,11.412571
PTC0923,9,Polyesters,-4.681261,-0.7321247
PTC0030,9,Polyesters,-5.6346507,0.9239377
PTC4196,19,Polyphenylenes,7.2714205,6.665066
PTC0743,11,Polyurethanes,-4.9250236,4.361203
PTC2801,9,Polyesters,10.637573,9.206309
PTC2708,9,Polyesters,6.2291646,11.936348
PTC0503,10,Polyamides,4.8315854,5.1715264
PTC1728,19,Polyphenylenes,7.172408,6.4415827
PTC0942,9,Polyesters,3.1911333,1.5849657
PTC0102,9,Polyesters,-5.63172,0.92963326
PTC0877,9,Polyesters,13.616749,12.318731
PTC1618,15,Polycarbonates,11.020745,7.20071
PTC0964,9,Polyesters,-6.1198893,20.080643
PTC0857,9,Polyesters,11.339118,12.105653
PTC1966,17,Polyketones,13.882007,0.92423844
PTC0462,7,Polyethers,9.750632,18.84034
PTC0804,9,Polyesters,13.115741,22.633831
PTC3050,10,Polyamides,23.376938,0.2794695
PTC0017,4,Polyacrylics,2.1824234,12.712412
PTC4246,16,Polyimines,7.013024,9.589447
PTC4358,10,Polyamides,22.880898,9.862603
PTC0396,4,Polyacrylics,2.6789,12.708401
PTC1424,11,Polyurethanes,6.6388106,16.073328
PTC3236,13,Polyimides,-2.845164,7.0561028
PTC1805,3,Polyvinyls,6.696911,8.7170725
PTC3678,17,Polyketones,5.9760547,9.42193
PTC0800,9,Polyesters,5.687292,20.642622
PTC2934,12,Polyureas,6.3804584,10.60268
PTC2682,9,Polyesters,-0.7241944,12.932065
PTC0865,11,Polyurethanes,6.846388,16.338467
PTC0346,4,Polyacrylics,3.225208,12.2617035
PTC0391,6,Polydienes,6.3169894,9.587317
PTC4421,7,Polyethers,8.328584,3.6286829
PTC0793,9,Polyesters,3.5187151,19.893274
PTC1197,10,Polyamides,23.420885,0.3085964
PTC1331,10,Polyamides,23.472197,0.37158546
PTC0549,9,Polyesters,-0.24954934,24.4351
PTC3865,17,Polyketones,6.9089117,10.565681
PTC4318,9,Polyesters,12.376862,11.901567
PTC0867,9,Polyesters,3.055018,1.4997127
PTC2347,7,Polyethers,8.50637,10.088718
PTC1451,11,Polyurethanes,6.8219895,16.190365
PTC2808,9,Polyesters,8.867725,16.61492
PTC0095,7,Polyethers,13.923246,0.89595276
PTC4332,9,Polyesters,2.462599,-9.991411
PTC4519,13,Polyimides,4.9961243,8.809124
PTC3089,10,Polyamides,-3.1954422,17.313585
PTC1372,11,Polyurethanes,13.908951,16.169878
PTC1928,5,Polyhalo-olefins,4.966691,10.23819
PTC3106,11,Polyurethanes,-4.814206,11.386327
PTC1715,18,Polysulfones,9.053571,-0.21964695
PTC0112,9,Polyesters,-5.6395435,0.9274038
PTC2110,7,Polyethers,5.635978,11.513683
PTC0143,2,Polystyrenes,3.2691703,10.4805355
PTC0496,10,Polyamides,22.769304,13.497107
PTC0608,17,Polyketones,8.244221,2.005196
PTC2901,10,Polyamides,6.7553573,10.240249
PTC1399,11,Polyurethanes,14.056041,16.250645
PTC1543,13,Polyimides,-0.5318822,4.7665524
PTC1588,14,Polyanhydrides,2.6874483,21.222055
PTC1730,19,Polyphenylenes,7.1563683,6.4046836
PTC1763,1,Polyolefins,5.6454587,8.806428
PTC1185,10,Polyamides,23.524916,0.41971728
PTC4074,7,Polyethers,7.034105,9.554165
PTC0965,9,Polyesters,15.574784,15.779627
PTC3810,7,Polyethers,7.6832166,4.4230146
PTC1830,3,Polyvinyls,5.9293594,9.7737665
PTC1418,11,Polyurethanes,12.765736,-6.7464023
PTC2846,9,Polyesters,-4.768557,-0.6563237
PTC2988,10,Polyamides,-6.4961405,-2.1722937
PTC0713,8,Polysulfides,5.1211843,10.354053
PTC0728,8,Polysulfides,0.8651808,20.187094
PTC2404,8,Polysulfides,8.907145,14.06155
PTC3155,13,Polyimides,0.33601922,3.4843686
PTC3677,17,Polyketones,5.969237,9.424423
PTC1312,10,Polyamides,5.920203,8.782836
PTC1681,16,Polyimines,11.925585,20.155401
PTC1171,10,Polyamides,-7.490556,6.0549173
PTC0126,7,Polyethers,10.105647,19.139032
PTC3180,13,Polyimides,-3.2847908,7.624996
PTC1271,10,Polyamides,6.7557693,12.235046
PTC0476,9,Polyesters,-0.43583557,10.662508
PTC1118,10,Polyamides,13.017572,-1.1457334
PTC1062,9,Polyesters,-4.2428646,3.610221
PTC1472,12,Polyureas,16.028008,-2.754988
PTC3698,19,Polyphenylenes,7.235012,6.354659
PTC3741,19,Polyphenylenes,8.124021,5.985814
PTC0084,5,Polyhalo-olefins,7.018083,9.595965
PTC0397,4,Polyacrylics,2.6499057,12.806687
PTC0811,9,Polyesters,12.338304,3.5888848
PTC0313,4,Polyacrylics,2.3655348,13.098832
PTC2503,8,Polysulfides,18.027565,12.672447
PTC0885,9,Polyesters,3.1380615,1.5435736
PTC0573,7,Polyethers,5.7310686,8.881613
PTC0740,11,Polyurethanes,19.033607,13.603687
PTC4422,18,Polysulfones,8.410563,3.3925848
PTC0458,7,Polyethers,-6.372565,1.2078861
PTC0662,7,Polyethers,16.366808,2.2762582
PTC1024,9,Polyesters,3.0571942,1.625277
PTC2045,11,Polyurethanes,13.504389,16.360952
PTC3931,7,Polyethers,6.3717766,9.324742
PTC3674,17,Polyketones,3.7273462,10.389693
PTC0658,9,Polyesters,11.265198,11.5756645
PTC4223,11,Polyurethanes,6.930338,10.702896
PTC0933,9,Polyesters,11.740311,11.594143
PTC0745,11,Polyurethanes,19.024279,13.596944
PTC1876,4,Polyacrylics,3.1269479,12.205221
PTC2455,18,Polysulfones,6.935871,3.9816682
PTC0038,1,Polyolefins,4.7408614,10.630659
PTC0578,7,Polyethers,7.490852,4.741264
PTC1059,9,Polyesters,3.4440584,6.6677027
PTC0620,9,Polyesters,-0.27208114,24.456936
PTC1761,1,Polyolefins,5.759081,9.331576
PTC1999,7,Polyethers,-1.9355559,15.771856
PTC0626,9,Polyesters,-0.27083296,24.456219
PTC1255,10,Polyamides,6.708685,12.819085
PTC2746,9,Polyesters,11.48437,7.267011
PTC3499,16,Polyimines,7.2196975,6.632823
PTC2733,9,Polyesters,10.901056,11.666527
PTC2965,10,Polyamides,7.2815995,10.9291
PTC3651,16,Polyimines,0.7427571,9.343004
PTC2653,9,Polyesters,18.38374,8.547744
PTC1183,10,Polyamides,23.343636,0.32965016
PTC2860,10,Polyamides,15.911248,-2.6410823
PTC1943,6,Polydienes,5.958421,8.8760605
PTC4394,11,Polyurethanes,-6.4366403,3.7337883
PTC0067,6,Polydienes,6.1188173,9.32454
PTC0840,9,Polyesters,10.552932,13.743737
PTC3288,13,Polyimides,-2.2439897,8.915115
PTC1069,9,Polyesters,10.4923725,9.613096
PTC2291,9,Polyesters,7.8176703,17.849405
PTC0383,5,Polyhalo-olefins,7.550662,9.541527
PTC2563,8,Polysulfides,10.413078,4.4484425
PTC1688,17,Polyketones,11.959672,20.097038
PTC2116,7,Polyethers,5.62597,11.906485
PTC1196,10,Polyamides,23.579748,0.47815382
PTC4351,10,Polyamides,22.883446,9.85933
PTC1405,11,Polyurethanes,14.717131,8.57684
PTC0697,10,Polyamides,6.1764035,2.5761347
PTC0523,14,Polyanhydrides,5.0514297,5.3068476
PTC2893,10,Polyamides,8.886803,11.3431015
PTC0116,9,Polyesters,-5.634772,0.92461514
PTC0507,10,Polyamides,13.199216,8.421667
PTC0151,3,Polyvinyls,3.1809058,12.357534
PTC4284,17,Polyketones,7.141725,6.0298433
PTC3016,12,Polyureas,6.385171,10.591013
PTC2991,10,Polyamides,-6.4987407,-2.1652362
PTC1216,10,Polyamides,6.934851,10.58826
PTC1938,6,Polydienes,6.13038,9.452142
PTC0210,6,Polydienes,5.201843,8.334178
PTC2981,10,Polyamides,5.806117,14.123164
PTC0014,4,Polyacrylics,2.3286724,12.569192
PTC0747,11,Polyurethanes,-4.910438,4.3582387
PTC2176,7,Polyethers,8.698339,10.011316
PTC2943,10,Polyamides,1.5702254,14.820947
PTC4287,1,Polyolefins,15.284749,2.18547
PTC3761,4,Polyacrylics,14.155543,11.960034
PTC2685,9,Polyesters,9.163951,16.470114
PTC0915,9,Polyesters,13.130597,22.648336
PTC2651,9,Polyesters,18.401312,8.593837
PTC2678,9,Polyesters,-6.7428946,10.766925
PTC0900,9,Polyesters,11.02759,15.837131
PTC0586,9,Polyesters,11.241428,8.443929
PTC0455,7,Polyethers,10.108471,19.145477
PTC1303,10,Polyamides,6.650308,12.165776
PTC2493,9,Polyesters,3.7148051,20.738503
PTC4344,10,Polyamides,8.240679,11.226785
PTC1181,10,Polyamides,23.454683,0.36307868
PTC1317,10,Polyamides,6.1289935,13.083677
PTC0098,9,Polyesters,11.301703,12.1032
PTC1417,11,Polyurethanes,12.765759,-6.746357
PTC1748,1,Polyolefins,6.3689246,9.5715
PTC0758,8,Polysulfides,7.0197453,6.575556
PTC4314,9,Polyesters,-4.646765,-0.7584826
PTC4187,3,Polyvinyls,5.081137,10.346907
PTC0350,4,Polyacrylics,3.1170268,12.138837
PTC4030,3,Polyvinyls,6.525976,9.695787
PTC0899,9,Polyesters,11.084629,15.74305
PTC4104,5,Polyhalo-olefins,6.710656,9.272429
PTC4169,9,Polyesters,7.1244245,11.837471
PTC2813,9,Polyesters,13.109235,22.628065
PTC1193,10,Polyamides,23.550991,0.452882
PTC1133,10,Polyamides,4.31341,18.2239
PTC2895,10,Polyamides,7.066849,13.7685585
PTC0764,8,Polysulfides,8.940622,13.99805
PTC3051,10,Polyamides,23.416922,0.31339955
PTC4103,13,Polyimides,-0.5369635,4.7518206
PTC2129,15,Polycarbonates,5.22698,-2.225378
PTC2909,10,Polyamides,4.0111227,4.902645
PTC0415,7,Polyethers,6.7935615,9.83498
PTC1459,11,Polyurethanes,9.083247,16.576889
PTC0097,9,Polyesters,11.160544,7.9807134
PTC1623,15,Polycarbonates,10.659624,7.012864
PTC4306,14,Polyanhydrides,4.8759575,5.63144
PTC3014,12,Polyureas,6.4453506,10.430471
PTC3950,9,Polyesters,11.058584,8.192094
PTC1954,9,Polyesters,-0.29835203,24.483847
PTC1205,10,Polyamides,23.498127,0.37227237
PTC1159,10,Polyamides,13.714587,12.273897
PTC0627,9,Polyesters,-0.27183816,24.45722
PTC0891,9,Polyesters,7.0107627,10.456809
PTC0439,7,Polyethers,6.0555086,9.673861
PTC1979,10,Polyamides,7.4667172,27.082453
PTC1318,10,Polyamides,6.1071796,13.059438
PTC3338,13,Polyimides,-2.3000102,8.693571
PTC1179,10,Polyamides,23.47462,0.37082115
PTC1056,9,Polyesters,11.916729,7.7164135
PTC1802,3,Polyvinyls,3.7982204,11.432652
PTC0823,9,Polyesters,13.09696,22.614723
PTC4386,9,Polyesters,12.140252,7.540243
PTC0205,6,Polydienes,5.201069,8.302933
PTC2006,7,Polyethers,5.4133925,10.863083
PTC1315,10,Polyamides,17.507196,6.4755487
PTC1091,10,Polyamides,-3.2078772,17.320627
PTC3413,15,Polycarbonates,9.255161,12.462712
PTC1389,11,Polyurethanes,14.639031,16.360954
PTC1435,11,Polyurethanes,13.833826,15.828864
PTC0771,8,Polysulfides,9.2014675,17.576778
PTC0334,4,Polyacrylics,14.515726,11.657273
PTC1755,1,Polyolefins,15.284894,2.1853757
PTC0564,7,Polyethers,5.4211006,10.898681
PTC1284,10,Polyamides,8.816483,11.192646
PTC2760,9,Polyesters,13.217881,22.729618
PTC0154,3,Polyvinyls,3.2149944,12.329346
PTC2369,15,Polycarbonates,7.2289352,18.525326
PTC3697,19,Polyphenylenes,7.1338887,6.3651323
PTC1022,9,Polyesters,12.016512,10.851448
PTC4070,13,Polyimides,7.357513,4.9220405
PTC2805,9,Polyesters,8.9675865,16.338018
PTC0457,7,Polyethers,-6.372388,1.208074
PTC1186,10,Polyamides,23.488134,0.38238075
PTC1010,9,Polyesters,11.038156,10.666192
PTC1762,1,Polyolefins,5.737001,8.901723
PTC2425,8,Polysulfides,8.8962755,6.011117
PTC3450,15,Polycarbonates,10.375377,6.9197145
PTC0870,9,Polyesters,11.08297,15.739605
PTC2649,9,Polyesters,2.4627745,-9.99087
PTC0955,9,Polyesters,13.63115,12.308724
PTC3299,13,Polyimides,16.994198,14.702884
PTC1343,10,Polyamides,-3.616436,-4.7335625
PTC0940,9,Polyesters,11.357154,12.59316
PTC0500,10,Polyamides,-11.057145,10.4404
PTC3442,15,Polycarbonates,10.943204,7.3205595
PTC4310,10,Polyamides,6.2432985,2.4124494
PTC2662,9,Polyesters,-0.7169922,12.940109
PTC4488,9,Polyesters,12.013426,7.130499
PTC0850,9,Polyesters,13.117267,22.635502
PTC0790,8,Polysulfides,8.194206,6.3458667
PTC0540,9,Polyesters,7.2868094,11.871611
PTC1932,5,Polyhalo-olefins,4.270402,11.057779
PTC1456,11,Polyurethanes,8.85805,11.309821
PTC1883,4,Polyacrylics,1.9598567,12.06239
PTC1487,12,Polyureas,15.3868065,-2.4545546
PTC1441,11,Polyurethanes,10.040687,12.288774
PTC0809,9,Polyesters,5.703958,20.667452
PTC0451,7,Polyethers,10.107946,19.145042
PTC0423,7,Polyethers,3.783607,10.146312
PTC2765,9,Polyesters,-4.703618,-0.7155615
PTC0410,7,Polyethers,5.408437,10.84266
PTC1476,12,Polyureas,16.023388,-2.7336495
PTC4315,9,Polyesters,12.335418,3.589368
PTC3728,19,Polyphenylenes,7.4393744,6.1208215
PTC2189,9,Polyesters,3.7315998,20.738392
PTC4366,11,Polyurethanes,6.4237194,16.029322
PTC2351,15,Polycarbonates,7.2240353,18.540247
PTC0101,9,Polyesters,12.330152,11.8448105
PTC4521,10,Polyamides,22.769424,13.497434
PTC0365,4,Polyacrylics,14.54357,11.507371
PTC0105,9,Polyesters,11.712156,12.284511
PTC0330,4,Polyacrylics,14.614943,12.015925
PTC2127,7,Polyethers,-4.7739563,0.879455
PTC3882,17,Polyketones,7.243543,6.3330336
PTC2966,10,Polyamides,7.67364,11.517746
PTC1419,11,Polyurethanes,12.765816,-6.7463784
PTC1074,9,Polyesters,11.957262,7.2263827
PTC0194,4,Polyacrylics,14.581947,11.5250025
PTC0934,9,Polyesters,8.507639,14.963765
PTC3716,19,Polyphenylenes,9.837999,4.745758
PTC3420,15,Polycarbonates,-10.582858,4.735303
PTC4399,7,Polyethers,9.2079525,4.8537774
PTC2904,10,Polyamides,3.9938078,4.9099894
PTC3412,15,Polycarbonates,9.242944,12.467985
PTC1328,10,Polyamides,-1.0481018,16.378725
PTC2737,9,Polyesters,9.101897,16.372437
PTC2005,7,Polyethers,5.4619627,10.891354
PTC1055,9,Polyesters,11.187894,7.916955
PTC1591,14,Polyanhydrides,2.6861303,21.224482
PTC1679,16,Polyimines,0.62623566,9.115231
PTC1178,10,Polyamides,18.022184,4.0299616
PTC3862,17,Polyketones,6.758268,10.405504
PTC1489,12,Polyureas,15.400193,-2.4602184
PTC3282,13,Polyimides,12.756777,18.585207
PTC1209,10,Polyamides,-5.844887,-4.268499
PTC4465,16,Polyimines,0.5475388,9.012871
PTC0685,7,Polyethers,17.9009,12.382417
PTC1821,3,Polyvinyls,7.392411,-2.181966
PTC1365,10,Polyamides,7.2900467,10.942341
PTC3015,12,Polyureas,6.447358,10.486547
PTC1576,14,Polyanhydrides,2.60823,21.304699
PTC0935,9,Polyesters,-6.1555524,20.120392
PTC2113,7,Polyethers,5.620884,11.925333
PTC1442,11,Polyurethanes,8.7698555,11.523827
PTC4307,9,Polyesters,0.9304849,-3.7545083
PTC0577,7,Polyethers,7.5423036,4.7311525
PTC1206,10,Polyamides,6.64847,12.1349325
PTC1896,4,Polyacrylics,3.4004242,12.618774
PTC1260,10,Polyamides,4.23862,4.0358024
PTC0888,9,Polyesters,5.7038813,20.667536
PTC2812,9,Polyesters,13.102671,22.62161
PTC1347,10,Polyamides,-3.6160989,-4.733938
PTC1550,13,Polyimides,-0.24915212,4.9446807
PTC0725,8,Polysulfides,0.86427337,20.186378
PTC1354,10,Polyamides,4.312726,18.223557
PTC0591,11,Polyurethanes,13.887963,16.152533
PTC1332,10,Polyamides,22.889198,9.85037
PTC2633,9,Polyesters,7.544359,13.186773
PTC2741,9,Polyesters,7.887071,-8.560357
PTC2650,9,Polyesters,-4.4624534,-0.901765
PTC1486,12,Polyureas,15.475122,-2.4850857
PTC1434,11,Polyurethanes,7.2178736,15.432933
PTC3124,11,Polyurethanes,14.191874,16.346546
PTC0605,18,Polysulfones,8.925746,2.0384903
PTC4244,17,Polyketones,6.9884005,9.718561
PTC1791,4,Polyacrylics,2.7556534,12.759492
PTC0046,10,Polyamides,3.9780486,4.9712353
PTC0173,3,Polyvinyls,2.8715096,12.377615
PTC3417,15,Polycarbonates,8.081772,9.7661085
PTC2103,7,Polyethers,6.7623725,5.064806
PTC1855,3,Polyvinyls,6.093185,8.566147
PTC1182,10,Polyamides,23.59172,0.4542711
PTC3712,19,Polyphenylenes,5.9908733,6.776726
PTC2665,9,Polyesters,12.354626,10.511285
PTC3779,4,Polyacrylics,14.084281,12.035762
PTC1161,10,Polyamides,7.0466695,13.816764
PTC3445,15,Polycarbonates,6.1961737,8.701544
PTC4390,9,Polyesters,11.63701,7.4770584
PTC4167,9,Polyesters,3.4365346,6.677271
PTC0993,9,Polyesters,12.769148,3.561898
PTC4258,19,Polyphenylenes,7.2044387,6.0266585
PTC4245,17,Polyketones,7.0202904,9.607479
PTC2437,8,Polysulfides,0.86247736,20.186377
PTC0872,9,Polyesters,15.574939,15.779779
PTC0584,9,Polyesters,5.836272,4.563103
PTC1165,10,Polyamides,7.031701,13.842947
PTC1060,9,Polyesters,11.330868,12.086725
PTC0035,1,Polyolefins,4.318366,11.63141
PTC1143,10,Polyamides,13.27061,-1.3301688
PTC0001,4,Polyacrylics,3.076593,12.180035
PTC1478,12,Polyureas,16.012705,-2.7364633
PTC2097,7,Polyethers,7.1233616,3.3940873
PTC3102,11,Polyurethanes,14.053712,16.271446
PTC2856,10,Polyamides,-3.1781902,17.289272
PTC4365,11,Polyurethanes,6.4251347,16.027851
PTC4469,16,Polyimines,0.5656956,9.112551
PTC0481,10,Polyamides,7.467599,27.081627
PTC2789,9,Polyesters,6.860749,11.981504
PTC3294,13,Polyimides,-2.82866,1.4833915
PTC2298,17,Polyketones,3.8773348,2.498514
PTC4194,2,Polystyrenes,3.6911728,10.134323
PTC4226,11,Polyurethanes,6.9019217,10.644545
PTC0505,10,Polyamides,8.521388,11.397265
PTC0543,9,Polyesters,7.2919555,11.87898
PTC1420,11,Polyurethanes,12.765824,-6.746387
PTC1276,10,Polyamides,7.467432,27.081844
PTC4249,17,Polyketones,7.419472,6.208227
PTC1485,12,Polyureas,15.397551,-2.4585927
PTC1865,5,Polyhalo-olefins,4.0322886,23.132118
PTC2365,15,Polycarbonates,7.1717834,18.585575
PTC1977,9,Polyesters,18.40933,8.601096
PTC1895,4,Polyacrylics,3.3423584,12.9428625
PTC1309,10,Polyamides,13.648611,12.303244
PTC0024,4,Polyacrylics,2.4421031,12.789896
PTC2949,11,Polyurethanes,1.2894319,-7.0545278
PTC0862,9,Polyesters,3.036586,1.5004023
PTC3286,13,Polyimides,-2.2822642,8.683565
PTC2804,9,Polyesters,12.243607,3.7038689
PTC2840,9,Polyesters,17.244041,4.84796
PTC1225,10,Polyamides,11.146625,-9.7094
PTC2640,9,Polyesters,-4.4991074,-0.8799674
PTC1195,10,Polyamides,23.485792,0.3660875
PTC3105,11,Polyurethanes,13.845488,15.812433
PTC1378,11,Polyurethanes,14.63688,16.356314
PTC1101,10,Polyamides,-3.2087877,17.31954
PTC1391,11,Polyurethanes,14.715106,16.429867
PTC0871,9,Polyesters,12.337682,3.5881767
PTC4265,17,Polyketones,7.058887,9.597234
PTC1609,15,Polycarbonates,10.534251,6.9068136
PTC0379,5,Polyhalo-olefins,6.7497716,9.512372
PTC2892,10,Polyamides,6.25388,2.6455398
PTC3719,19,Polyphenylenes,7.1099424,5.7254634
PTC1409,11,Polyurethanes,7.0809927,16.658304
PTC1433,11,Polyurethanes,8.939887,16.657047
PTC1892,4,Polyacrylics,1.5878761,13.003975
PTC1627,15,Polycarbonates,10.65941,6.8497853
PTC2985,10,Polyamides,6.6138515,13.036784
PTC4165,9,Polyesters,3.443623,6.669969
PTC1468,12,Polyureas,15.949769,-2.6795187
PTC1386,11,Polyurethanes,8.434097,19.864073
PTC1577,14,Polyanhydrides,2.6825569,21.227316
PTC4017,12,Polyureas,6.614144,10.217648
PTC2360,18,Polysulfones,8.48404,2.6347203
PTC0938,9,Polyesters,13.110423,22.629118
PTC3778,19,Polyphenylenes,7.5958195,6.137315
PTC4069,16,Polyimines,5.8554735,8.951785
PTC1655,15,Polycarbonates,10.620242,7.1088924
PTC4374,3,Polyvinyls,1.5736297,17.51915
PTC4357,10,Polyamides,22.884592,9.858758
PTC2434,8,Polysulfides,10.256548,5.0697894
PTC2370,15,Polycarbonates,7.196582,18.558313
PTC1150,10,Polyamides,6.9561377,10.734093
PTC2964,10,Polyamides,23.449194,0.31175593
PTC3213,13,Polyimides,-2.7973053,1.5840462
PTC0607,11,Polyurethanes,6.9294133,16.445423
PTC1135,10,Polyamides,-6.294104,12.845254
PTC0394,6,Polydienes,5.1603923,10.281931
PTC3932,7,Polyethers,7.0967913,4.946502
PTC2870,10,Polyamides,-9.353923,0.4719948
PTC3652,16,Polyimines,0.7463244,9.3435335
PTC0686,11,Polyurethanes,8.084519,7.8157125
PTC4391,9,Polyesters,11.061741,8.025709
PTC0780,11,Polyurethanes,8.690946,11.439156
PTC1546,13,Polyimides,-0.79010594,4.5500736
PTC0488,10,Polyamides,22.76749,13.495249
PTC1863,4,Polyacrylics,6.3213463,8.421193
PTC3230,13,Polyimides,-2.6715186,1.3512355
PTC0501,10,Polyamides,-11.0494375,10.444096
PTC0757,15,Polycarbonates,10.750824,7.144534
PTC3780,19,Polyphenylenes,3.9025795,9.994537
PTC2628,9,Polyesters,8.940627,16.466
PTC3065,10,Polyamides,23.3796,0.27058274
PTC0454,7,Polyethers,10.108027,19.144943
PTC2880,10,Polyamides,5.9507914,13.88859
PTC1989,10,Polyamides,7.7608957,11.476424
PTC2412,10,Polyamides,17.268692,4.7963676
PTC1676,18,Polysulfones,6.16586,9.617795
PTC0583,9,Polyesters,5.8551836,4.5474954
PTC0002,4,Polyacrylics,3.4136336,12.51757
PTC0641,9,Polyesters,-3.6052332,15.95753
PTC3268,13,Polyimides,-0.58888507,4.727073
PTC4373,3,Polyvinyls,1.5864506,17.512075
PTC3438,15,Polycarbonates,10.771401,7.381514
PTC1466,11,Polyurethanes,6.5895324,16.037888
PTC0766,8,Polysulfides,8.950881,14.003629
PTC3400,15,Polycarbonates,6.788681,12.218405
PTC1702,13,Polyimides,5.9097137,9.430051
PTC0537,9,Polyesters,9.735515,12.481711
PTC4222,11,Polyurethanes,13.877618,16.165442
PTC0744,11,Polyurethanes,19.032965,13.602894
PTC0273,3,Polyvinyls,4.747661,10.628392
PTC0825,9,Polyesters,18.43735,10.6531725
PTC1355,10,Polyamides,4.313597,18.225471
PTC1082,9,Polyesters,11.726928,11.690857
PTC0426,7,Polyethers,5.865565,11.633897
PTC1873,4,Polyacrylics,6.3425426,8.297735
PTC0694,10,Polyamides,6.231888,2.3355417
PTC0508,11,Polyurethanes,13.525135,16.337864
PTC1253,10,Polyamides,6.703935,12.831987
PTC4491,10,Polyamides,6.647717,12.465384
PTC0813,9,Polyesters,13.07996,22.597631
PTC1280,10,Polyamides,8.820383,11.205429
PTC3660,16,Polyimines,6.1688128,9.976883
PTC0421,7,Polyethers,5.6330647,11.502922
PTC3196,13,Polyimides,4.7061214,8.802235
PTC4477,16,Polyimines,0.5631567,9.017924
PTC4156,10,Polyamides,3.9649117,4.92382
PTC4482,2,Polystyrenes,3.551669,10.157505
PTC0063,14,Polyanhydrides,10.717434,9.011712
PTC0830,9,Polyesters,6.906343,10.717224
PTC3915,17,Polyketones,6.844606,10.572753
PTC0705,8,Polysulfides,9.22776,17.53944
PTC1531,13,Polyimides,-4.1290345,6.961332
PTC0052,10,Polyamides,23.4091,0.30683035
PTC2755,9,Polyesters,-4.7151785,-0.7053665
PTC4161,9,Polyesters,3.2679799,20.612015
PTC2104,7,Polyethers,6.785473,5.057256
PTC3839,19,Polyphenylenes,7.1950927,6.392755
PTC3175,13,Polyimides,-2.6740148,4.878612
PTC2668,9,Polyesters,13.114294,22.632137
PTC1473,12,Polyureas,16.011951,-2.740894
PTC0752,8,Polysulfides,7.1389437,6.6851726
PTC1210,10,Polyamides,-5.84383,-4.2676835
PTC0201,6,Polydienes,5.3712034,8.519094
PTC4097,10,Polyamides,3.970648,4.9619155
PTC0464,7,Polyethers,7.5211406,4.7836065
PTC0558,7,Polyethers,13.173641,4.910848
PTC1771,2,Polystyrenes,3.2715223,9.954851
PTC1073,9,Polyesters,12.245766,10.622302
PTC1428,11,Polyurethanes,-4.798896,11.380498
PTC0495,10,Polyamides,22.769485,13.497579
PTC1337,10,Polyamides,22.879173,9.864131
PTC3142,12,Polyureas,1.5987612,14.775942
PTC1495,13,Polyimides,12.7839365,18.612762
PTC0874,9,Polyesters,6.801281,11.957118
PTC2289,15,Polycarbonates,5.227103,-2.221275
PTC0499,10,Polyamides,-2.5357854,18.895487
PTC1507,13,Polyimides,0.514423,3.9524746
PTC1631,15,Polycarbonates,9.375719,12.950366
PTC1202,10,Polyamides,23.483227,0.3159575
PTC2982,10,Polyamides,5.8053393,14.12482
PTC0675,7,Polyethers,8.466577,10.078473
PTC3812,15,Polycarbonates,7.5854535,4.828695
PTC4237,7,Polyethers,6.911901,9.449711
PTC0502,10,Polyamides,-11.036381,10.460093
PTC4241,7,Polyethers,7.269051,5.143723
PTC2721,9,Polyesters,-6.7453046,10.766615
PTC0991,9,Polyesters,11.039621,10.660516
PTC0818,9,Polyesters,10.440761,7.026204
PTC3391,15,Polycarbonates,11.129277,7.167518
PTC1001,9,Polyesters,10.452158,9.699035
PTC2039,7,Polyethers,5.9918537,8.643655
PTC1455,11,Polyurethanes,8.762199,11.49001
PTC4243,19,Polyphenylenes,7.331241,6.116671
PTC0061,10,Polyamides,13.293116,-1.3121711
PTC0910,9,Polyesters,9.369841,12.957534
PTC1080,13,Polyimides,-2.468496,21.855652
PTC0676,7,Polyethers,8.7523985,10.052744
PTC0734,10,Polyamides,23.445276,0.38950342
PTC3103,11,Polyurethanes,6.816719,16.197374
PTC4239,19,Polyphenylenes,7.058802,6.0113406
PTC1229,10,Polyamides,-9.353958,0.47201315
PTC0023,4,Polyacrylics,1.4785241,13.071937
PTC4217,7,Polyethers,10.11049,19.146687
PTC3336,13,Polyimides,-0.9885721,5.1906996
PTC1123,10,Polyamides,4.3335247,18.129986
PTC1504,13,Polyimides,0.48196086,3.952007
PTC2021,7,Polyethers,16.36827,2.2761703
PTC2948,11,Polyurethanes,1.2893788,-7.0545883
PTC0884,9,Polyesters,6.498354,11.878652
PTC0139,18,Polysulfones,8.894941,2.2655392
PTC0020,4,Polyacrylics,1.5459177,13.009746
PTC0683,17,Polyketones,7.6242986,2.415573
PTC2764,9,Polyesters,13.2194805,22.731127
PTC1301,10,Polyamides,7.6123357,12.557103
PTC0901,9,Polyesters,11.028063,15.83673
PTC3956,14,Polyanhydrides,10.724969,8.739085
PTC4510,9,Polyesters,11.988301,7.3401103
PTC4335,9,Polyesters,11.918246,16.601395
PTC2979,10,Polyamides,5.896165,13.963328
PTC0928,9,Polyesters,10.482159,9.650964
PTC2742,9,Polyesters,7.884161,-8.557934
PTC0202,6,Polydienes,6.369154,8.969165
PTC1587,14,Polyanhydrides,2.6819923,21.225954
PTC0206,6,Polydienes,5.1832566,8.306013
PTC1614,15,Polycarbonates,10.575374,6.930972
PTC2024,7,Polyethers,16.367966,2.2758977
PTC0916,9,Polyesters,13.331635,22.834621
PTC3740,7,Polyethers,7.2318854,3.630384
PTC4497,13,Polyimides,4.9847717,11.896737
PTC3328,13,Polyimides,-2.0004382,7.9954643
PTC0511,14,Polyanhydrides,7.828694,6.552234
PTC1189,10,Polyamides,23.411587,0.30814025
PTC3703,19,Polyphenylenes,12.63324,9.447926
PTC0141,5,Polyhalo-olefins,6.509744,9.002435
PTC1130,10,Polyamides,4.3136334,18.223684
PTC0175,3,Polyvinyls,2.833732,12.465363
PTC0456,7,Polyethers,-6.372204,1.2077817
PTC0767,8,Polysulfides,18.00863,12.659913
PTC2984,10,Polyamides,5.95728,13.895536
PTC2385,9,Polyesters,9.969048,12.833642
PTC3168,13,Polyimides,0.12619683,3.873656
PTC0140,5,Polyhalo-olefins,6.061876,9.437321
PTC0207,6,Polydienes,5.2527933,8.371027
PTC0810,9,Polyesters,13.180904,22.697464
PTC2078,7,Polyethers,7.6896663,6.4502125
PTC0091,7,Polyethers,13.892958,0.8508034
PTC2322,7,Polyethers,9.885937,5.2588987
PTC3998,10,Polyamides,7.4648514,6.3845906
PTC1036,9,Polyesters,11.756503,7.8065886
PTC1500,13,Polyimides,0.50787836,4.0061126
PTC1594,14,Polyanhydrides,2.6858447,21.223808
PTC0525,14,Polyanhydrides,4.509261,5.9746113
PTC4221,7,Polyethers,-6.3659163,1.2103876
PTC4517,13,Polyimides,5.0205274,8.792343
PTC3655,16,Polyimines,0.73766696,9.342025
PTC2670,9,Polyesters,7.3084507,12.969157
PTC4084,6,Polydienes,6.0659823,9.443002
PTC2337,9,Polyesters,0.0550499,17.00879
PTC1717,18,Polysulfones,9.017673,-0.2320645
PTC0941,9,Polyesters,17.730124,2.0370226
PTC1992,7,Polyethers,6.137594,9.509795
PTC3645,17,Polyketones,6.65402,3.3452933
PTC2645,9,Polyesters,7.518389,13.182542
PTC3661,16,Polyimines,6.1374526,9.408968
PTC3775,4,Polyacrylics,14.213852,11.968235
PTC0894,9,Polyesters,11.029592,15.827241
PTC0003,4,Polyacrylics,3.687254,12.939143
PTC0652,9,Polyesters,19.912886,4.4618435
PTC0483,10,Polyamides,7.466784,27.082386
PTC3333,13,Polyimides,-3.1069155,7.1051717
PTC4364,11,Polyurethanes,6.380069,16.009668
PTC0630,10,Polyamides,5.966331,18.964127
PTC0588,11,Polyurethanes,13.4875965,16.370258
PTC1341,10,Polyamides,22.880651,9.862855
PTC0552,7,Polyethers,11.882057,20.100132
PTC1691,16,Polyimines,11.929267,20.158466
PTC0278,3,Polyvinyls,4.799293,10.525248
PTC0749,11,Polyurethanes,-6.7694817,14.452193
PTC3571,16,Polyimines,6.7083054,8.923055
PTC1488,12,Polyureas,15.393406,-2.4631546
PTC1380,11,Polyurethanes,8.434089,19.866203
PTC2022,7,Polyethers,16.367859,2.2758467
PTC1314,10,Polyamides,17.506287,6.4770637
PTC0042,1,Polyolefins,4.824593,10.5370865
PTC0973,9,Polyesters,3.139354,1.5989515
PTC0892,9,Polyesters,7.000816,10.368982
PTC0619,9,Polyesters,19.912724,4.461899
PTC0204,6,Polydienes,5.1963196,8.327932
PTC1269,10,Polyamides,-11.0545225,10.443004
PTC1931,5,Polyhalo-olefins,7.55349,9.541064
PTC1353,10,Polyamides,-4.984475,-0.090093195
PTC1853,5,Polyhalo-olefins,6.6984386,9.236455
PTC1249,10,Polyamides,6.143787,13.093287
PTC4127,7,Polyethers,3.6566174,10.0174465
PTC1240,10,Polyamides,7.8495064,11.0112295
PTC1758,1,Polyolefins,5.8837113,8.893547
PTC1090,10,Polyamides,23.364004,0.2571113
PTC2366,15,Polycarbonates,7.1648097,18.596346
